Workbook

Sheet Inputs
A2: Uniform value (optional): | D2: Buffer | Q2: Resin
A3: Buffer: | D3: =IF($B$3="","",$B$3) | E3: =IF($B$3="","",$B$3) | F3: =IF($B$3="","",$B$3) | G3: =IF($B$3="","",$B$3) | H3: =IF($B$3="","",$B$3) | I3: =IF($B$3="","",$B$3) | J3: =IF($B$3="","",$B$3) | K3: =IF($B$3="","",$B$3) | ... O3: =IF($B$3="","",$B$3) | Q3: =IF($B$11="","",$B$11) | R3: =IF($B$11="","",$B$11) | S3: =IF($B$11="","",$B$11) | T3: =IF($B$11="","",$B$11) | U3: =IF($B$11="","",$B$11) | V3: =IF($B$11="","",$B$11) | W3: =IF($B$11="","",$B$11) | X3: =IF($B$11="","",$B$11) | ... AB3: =IF($B$11="","",$B$11)
A4: pH: | D4: =IF($B$3="","",$B$3) | E4: =IF($B$3="","",$B$3) | F4: =IF($B$3="","",$B$3) | G4: =IF($B$3="","",$B$3) | H4: =IF($B$3="","",$B$3) | I4: =IF($B$3="","",$B$3) | J4: =IF($B$3="","",$B$3) | K4: =IF($B$3="","",$B$3) | ... O4: =IF($B$3="","",$B$3) | Q4: =IF($B$11="","",$B$11) | R4: =IF($B$11="","",$B$11) | S4: =IF($B$11="","",$B$11) | T4: =IF($B$11="","",$B$11) | U4: =IF($B$11="","",$B$11) | V4: =IF($B$11="","",$B$11) | W4: =IF($B$11="","",$B$11) | X4: =IF($B$11="","",$B$11) | ... AB4: =IF($B$11="","",$B$11)
A5: Buffer conc (mM): | D5: =IF($B$3="","",$B$3) | E5: =IF($B$3="","",$B$3) | F5: =IF($B$3="","",$B$3) | G5: =IF($B$3="","",$B$3) | H5: =IF($B$3="","",$B$3) | I5: =IF($B$3="","",$B$3) | J5: =IF($B$3="","",$B$3) | K5: =IF($B$3="","",$B$3) | ... O5: =IF($B$3="","",$B$3) | Q5: =IF($B$11="","",$B$11) | R5: =IF($B$11="","",$B$11) | S5: =IF($B$11="","",$B$11) | T5: =IF($B$11="","",$B$11) | U5: =IF($B$11="","",$B$11) | V5: =IF($B$11="","",$B$11) | W5: =IF($B$11="","",$B$11) | X5: =IF($B$11="","",$B$11) | ... AB5: =IF($B$11="","",$B$11)
D6: =IF($B$3="","",$B$3) | E6: =IF($B$3="","",$B$3) | F6: =IF($B$3="","",$B$3) | G6: =IF($B$3="","",$B$3) | H6: =IF($B$3="","",$B$3) | I6: =IF($B$3="","",$B$3) | J6: =IF($B$3="","",$B$3) | K6: =IF($B$3="","",$B$3) | ... O6: =IF($B$3="","",$B$3) | Q6: =IF($B$11="","",$B$11) | R6: =IF($B$11="","",$B$11) | S6: =IF($B$11="","",$B$11) | T6: =IF($B$11="","",$B$11) | U6: =IF($B$11="","",$B$11) | V6: =IF($B$11="","",$B$11) | W6: =IF($B$11="","",$B$11) | X6: =IF($B$11="","",$B$11) | ... AB6: =IF($B$11="","",$B$11)
A7: Salt: | D7: =IF($B$3="","",$B$3) | E7: =IF($B$3="","",$B$3) | F7: =IF($B$3="","",$B$3) | G7: =IF($B$3="","",$B$3) | H7: =IF($B$3="","",$B$3) | I7: =IF($B$3="","",$B$3) | J7: =IF($B$3="","",$B$3) | K7: =IF($B$3="","",$B$3) | ... O7: =IF($B$3="","",$B$3) | Q7: =IF($B$11="","",$B$11) | R7: =IF($B$11="","",$B$11) | S7: =IF($B$11="","",$B$11) | T7: =IF($B$11="","",$B$11) | U7: =IF($B$11="","",$B$11) | V7: =IF($B$11="","",$B$11) | W7: =IF($B$11="","",$B$11) | X7: =IF($B$11="","",$B$11) | ... AB7: =IF($B$11="","",$B$11)
A8: Salt/cond units: | D8: =IF($B$3="","",$B$3) | E8: =IF($B$3="","",$B$3) | F8: =IF($B$3="","",$B$3) | G8: =IF($B$3="","",$B$3) | H8: =IF($B$3="","",$B$3) | I8: =IF($B$3="","",$B$3) | J8: =IF($B$3="","",$B$3) | K8: =IF($B$3="","",$B$3) | ... O8: =IF($B$3="","",$B$3) | Q8: =IF($B$11="","",$B$11) | R8: =IF($B$11="","",$B$11) | S8: =IF($B$11="","",$B$11) | T8: =IF($B$11="","",$B$11) | U8: =IF($B$11="","",$B$11) | V8: =IF($B$11="","",$B$11) | W8: =IF($B$11="","",$B$11) | X8: =IF($B$11="","",$B$11) | ... AB8: =IF($B$11="","",$B$11)
A9: Salt/cond conc: | D9: =IF($B$3="","",$B$3) | E9: =IF($B$3="","",$B$3) | F9: =IF($B$3="","",$B$3) | G9: =IF($B$3="","",$B$3) | H9: =IF($B$3="","",$B$3) | I9: =IF($B$3="","",$B$3) | J9: =IF($B$3="","",$B$3) | K9: =IF($B$3="","",$B$3) | ... O9: =IF($B$3="","",$B$3) | Q9: =IF($B$11="","",$B$11) | R9: =IF($B$11="","",$B$11) | S9: =IF($B$11="","",$B$11) | T9: =IF($B$11="","",$B$11) | U9: =IF($B$11="","",$B$11) | V9: =IF($B$11="","",$B$11) | W9: =IF($B$11="","",$B$11) | X9: =IF($B$11="","",$B$11) | ... AB9: =IF($B$11="","",$B$11)
D10: =IF($B$3="","",$B$3) | E10: =IF($B$3="","",$B$3) | F10: =IF($B$3="","",$B$3) | G10: =IF($B$3="","",$B$3) | H10: =IF($B$3="","",$B$3) | I10: =IF($B$3="","",$B$3) | J10: =IF($B$3="","",$B$3) | K10: =IF($B$3="","",$B$3) | ... O10: =IF($B$3="","",$B$3) | Q10: =IF($B$11="","",$B$11) | R10: =IF($B$11="","",$B$11) | S10: =IF($B$11="","",$B$11) | T10: =IF($B$11="","",$B$11) | U10: =IF($B$11="","",$B$11) | V10: =IF($B$11="","",$B$11) | W10: =IF($B$11="","",$B$11) | X10: =IF($B$11="","",$B$11) | ... AB10: =IF($B$11="","",$B$11)
A11: Resin:
A12: Resin vol, Vres (µL): | D12: pH | Q12: Resin vol, Vres (µL)
D13: =IF($B$4="","",$B$4) | E13: =IF($B$4="","",$B$4) | F13: =IF($B$4="","",$B$4) | G13: =IF($B$4="","",$B$4) | H13: =IF($B$4="","",$B$4) | I13: =IF($B$4="","",$B$4) | J13: =IF($B$4="","",$B$4) | K13: =IF($B$4="","",$B$4) | ... O13: =IF($B$4="","",$B$4) | Q13: =IF($B$12="","",$B$12) | R13: =IF($B$12="","",$B$12) | S13: =IF($B$12="","",$B$12) | T13: =IF($B$12="","",$B$12) | U13: =IF($B$12="","",$B$12) | V13: =IF($B$12="","",$B$12) | W13: =IF($B$12="","",$B$12) | X13: =IF($B$12="","",$B$12) | ... AB13: =IF($B$12="","",$B$12)
A14: Load vol, Vliq (µL): | D14: =IF($B$4="","",$B$4) | E14: =IF($B$4="","",$B$4) | F14: =IF($B$4="","",$B$4) | G14: =IF($B$4="","",$B$4) | H14: =IF($B$4="","",$B$4) | I14: =IF($B$4="","",$B$4) | J14: =IF($B$4="","",$B$4) | K14: =IF($B$4="","",$B$4) | ... O14: =IF($B$4="","",$B$4) | Q14: =IF($B$12="","",$B$12) | R14: =IF($B$12="","",$B$12) | S14: =IF($B$12="","",$B$12) | T14: =IF($B$12="","",$B$12) | U14: =IF($B$12="","",$B$12) | V14: =IF($B$12="","",$B$12) | W14: =IF($B$12="","",$B$12) | X14: =IF($B$12="","",$B$12) | ... AB14: =IF($B$12="","",$B$12)
A15: Load conc, C0 (g/L): | D15: =IF($B$4="","",$B$4) | E15: =IF($B$4="","",$B$4) | F15: =IF($B$4="","",$B$4) | G15: =IF($B$4="","",$B$4) | H15: =IF($B$4="","",$B$4) | I15: =IF($B$4="","",$B$4) | J15: =IF($B$4="","",$B$4) | K15: =IF($B$4="","",$B$4) | ... O15: =IF($B$4="","",$B$4) | Q15: =IF($B$12="","",$B$12) | R15: =IF($B$12="","",$B$12) | S15: =IF($B$12="","",$B$12) | T15: =IF($B$12="","",$B$12) | U15: =IF($B$12="","",$B$12) | V15: =IF($B$12="","",$B$12) | W15: =IF($B$12="","",$B$12) | X15: =IF($B$12="","",$B$12) | ... AB15: =IF($B$12="","",$B$12)
D16: =IF($B$4="","",$B$4) | E16: =IF($B$4="","",$B$4) | F16: =IF($B$4="","",$B$4) | G16: =IF($B$4="","",$B$4) | H16: =IF($B$4="","",$B$4) | I16: =IF($B$4="","",$B$4) | J16: =IF($B$4="","",$B$4) | K16: =IF($B$4="","",$B$4) | ... O16: =IF($B$4="","",$B$4) | Q16: =IF($B$12="","",$B$12) | R16: =IF($B$12="","",$B$12) | S16: =IF($B$12="","",$B$12) | T16: =IF($B$12="","",$B$12) | U16: =IF($B$12="","",$B$12) | V16: =IF($B$12="","",$B$12) | W16: =IF($B$12="","",$B$12) | X16: =IF($B$12="","",$B$12) | ... AB16: =IF($B$12="","",$B$12)
A17: Holdup vol, Vholdup (µL): | D17: =IF($B$4="","",$B$4) | E17: =IF($B$4="","",$B$4) | F17: =IF($B$4="","",$B$4) | G17: =IF($B$4="","",$B$4) | H17: =IF($B$4="","",$B$4) | I17: =IF($B$4="","",$B$4) | J17: =IF($B$4="","",$B$4) | K17: =IF($B$4="","",$B$4) | ... O17: =IF($B$4="","",$B$4) | Q17: =IF($B$12="","",$B$12) | R17: =IF($B$12="","",$B$12) | S17: =IF($B$12="","",$B$12) | T17: =IF($B$12="","",$B$12) | U17: =IF($B$12="","",$B$12) | V17: =IF($B$12="","",$B$12) | W17: =IF($B$12="","",$B$12) | X17: =IF($B$12="","",$B$12) | ... AB17: =IF($B$12="","",$B$12)
D18: =IF($B$4="","",$B$4) | E18: =IF($B$4="","",$B$4) | F18: =IF($B$4="","",$B$4) | G18: =IF($B$4="","",$B$4) | H18: =IF($B$4="","",$B$4) | I18: =IF($B$4="","",$B$4) | J18: =IF($B$4="","",$B$4) | K18: =IF($B$4="","",$B$4) | ... O18: =IF($B$4="","",$B$4) | Q18: =IF($B$12="","",$B$12) | R18: =IF($B$12="","",$B$12) | S18: =IF($B$12="","",$B$12) | T18: =IF($B$12="","",$B$12) | U18: =IF($B$12="","",$B$12) | V18: =IF($B$12="","",$B$12) | W18: =IF($B$12="","",$B$12) | X18: =IF($B$12="","",$B$12) | ... AB18: =IF($B$12="","",$B$12)
D19: =IF($B$4="","",$B$4) | E19: =IF($B$4="","",$B$4) | F19: =IF($B$4="","",$B$4) | G19: =IF($B$4="","",$B$4) | H19: =IF($B$4="","",$B$4) | I19: =IF($B$4="","",$B$4) | J19: =IF($B$4="","",$B$4) | K19: =IF($B$4="","",$B$4) | ... O19: =IF($B$4="","",$B$4) | Q19: =IF($B$12="","",$B$12) | R19: =IF($B$12="","",$B$12) | S19: =IF($B$12="","",$B$12) | T19: =IF($B$12="","",$B$12) | U19: =IF($B$12="","",$B$12) | V19: =IF($B$12="","",$B$12) | W19: =IF($B$12="","",$B$12) | X19: =IF($B$12="","",$B$12) | ... AB19: =IF($B$12="","",$B$12)
A20: Color scheme: | D20: =IF($B$4="","",$B$4) | E20: =IF($B$4="","",$B$4) | F20: =IF($B$4="","",$B$4) | G20: =IF($B$4="","",$B$4) | H20: =IF($B$4="","",$B$4) | I20: =IF($B$4="","",$B$4) | J20: =IF($B$4="","",$B$4) | K20: =IF($B$4="","",$B$4) | ... O20: =IF($B$4="","",$B$4) | Q20: =IF($B$12="","",$B$12) | R20: =IF($B$12="","",$B$12) | S20: =IF($B$12="","",$B$12) | T20: =IF($B$12="","",$B$12) | U20: =IF($B$12="","",$B$12) | V20: =IF($B$12="","",$B$12) | W20: =IF($B$12="","",$B$12) | X20: =IF($B$12="","",$B$12) | ... AB20: =IF($B$12="","",$B$12)
A21: Empty
A22: Required entry | D22: Buffer conc (mM) | Q22: Load vol, Vliq (µL)
A23: Optional entry | D23: =IF($B$5="","",$B$5) | E23: =IF($B$5="","",$B$5) | F23: =IF($B$5="","",$B$5) | G23: =IF($B$5="","",$B$5) | H23: =IF($B$5="","",$B$5) | I23: =IF($B$5="","",$B$5) | J23: =IF($B$5="","",$B$5) | K23: =IF($B$5="","",$B$5) | ... O23: =IF($B$5="","",$B$5) | Q23: =IF($B$14="","",$B$14) | R23: =IF($B$14="","",$B$14) | S23: =IF($B$14="","",$B$14) | T23: =IF($B$14="","",$B$14) | U23: =IF($B$14="","",$B$14) | V23: =IF($B$14="","",$B$14) | W23: =IF($B$14="","",$B$14) | X23: =IF($B$14="","",$B$14) | ... AB23: =IF($B$14="","",$B$14)
A24: Formula (do not modify) | D24: =IF($B$5="","",$B$5) | E24: =IF($B$5="","",$B$5) | F24: =IF($B$5="","",$B$5) | G24: =IF($B$5="","",$B$5) | H24: =IF($B$5="","",$B$5) | I24: =IF($B$5="","",$B$5) | J24: =IF($B$5="","",$B$5) | K24: =IF($B$5="","",$B$5) | ... O24: =IF($B$5="","",$B$5) | Q24: =IF($B$14="","",$B$14) | R24: =IF($B$14="","",$B$14) | S24: =IF($B$14="","",$B$14) | T24: =IF($B$14="","",$B$14) | U24: =IF($B$14="","",$B$14) | V24: =IF($B$14="","",$B$14) | W24: =IF($B$14="","",$B$14) | X24: =IF($B$14="","",$B$14) | ... AB24: =IF($B$14="","",$B$14)
D25: =IF($B$5="","",$B$5) | E25: =IF($B$5="","",$B$5) | F25: =IF($B$5="","",$B$5) | G25: =IF($B$5="","",$B$5) | H25: =IF($B$5="","",$B$5) | I25: =IF($B$5="","",$B$5) | J25: =IF($B$5="","",$B$5) | K25: =IF($B$5="","",$B$5) | ... O25: =IF($B$5="","",$B$5) | Q25: =IF($B$14="","",$B$14) | R25: =IF($B$14="","",$B$14) | S25: =IF($B$14="","",$B$14) | T25: =IF($B$14="","",$B$14) | U25: =IF($B$14="","",$B$14) | V25: =IF($B$14="","",$B$14) | W25: =IF($B$14="","",$B$14) | X25: =IF($B$14="","",$B$14) | ... AB25: =IF($B$14="","",$B$14)
D26: =IF($B$5="","",$B$5) | E26: =IF($B$5="","",$B$5) | F26: =IF($B$5="","",$B$5) | G26: =IF($B$5="","",$B$5) | H26: =IF($B$5="","",$B$5) | I26: =IF($B$5="","",$B$5) | J26: =IF($B$5="","",$B$5) | K26: =IF($B$5="","",$B$5) | ... O26: =IF($B$5="","",$B$5) | Q26: =IF($B$14="","",$B$14) | R26: =IF($B$14="","",$B$14) | S26: =IF($B$14="","",$B$14) | T26: =IF($B$14="","",$B$14) | U26: =IF($B$14="","",$B$14) | V26: =IF($B$14="","",$B$14) | W26: =IF($B$14="","",$B$14) | X26: =IF($B$14="","",$B$14) | ... AB26: =IF($B$14="","",$B$14)
D27: =IF($B$5="","",$B$5) | E27: =IF($B$5="","",$B$5) | F27: =IF($B$5="","",$B$5) | G27: =IF($B$5="","",$B$5) | H27: =IF($B$5="","",$B$5) | I27: =IF($B$5="","",$B$5) | J27: =IF($B$5="","",$B$5) | K27: =IF($B$5="","",$B$5) | ... O27: =IF($B$5="","",$B$5) | Q27: =IF($B$14="","",$B$14) | R27: =IF($B$14="","",$B$14) | S27: =IF($B$14="","",$B$14) | T27: =IF($B$14="","",$B$14) | U27: =IF($B$14="","",$B$14) | V27: =IF($B$14="","",$B$14) | W27: =IF($B$14="","",$B$14) | X27: =IF($B$14="","",$B$14) | ... AB27: =IF($B$14="","",$B$14)
D28: =IF($B$5="","",$B$5) | E28: =IF($B$5="","",$B$5) | F28: =IF($B$5="","",$B$5) | G28: =IF($B$5="","",$B$5) | H28: =IF($B$5="","",$B$5) | I28: =IF($B$5="","",$B$5) | J28: =IF($B$5="","",$B$5) | K28: =IF($B$5="","",$B$5) | ... O28: =IF($B$5="","",$B$5) | Q28: =IF($B$14="","",$B$14) | R28: =IF($B$14="","",$B$14) | S28: =IF($B$14="","",$B$14) | T28: =IF($B$14="","",$B$14) | U28: =IF($B$14="","",$B$14) | V28: =IF($B$14="","",$B$14) | W28: =IF($B$14="","",$B$14) | X28: =IF($B$14="","",$B$14) | ... AB28: =IF($B$14="","",$B$14)
D29: =IF($B$5="","",$B$5) | E29: =IF($B$5="","",$B$5) | F29: =IF($B$5="","",$B$5) | G29: =IF($B$5="","",$B$5) | H29: =IF($B$5="","",$B$5) | I29: =IF($B$5="","",$B$5) | J29: =IF($B$5="","",$B$5) | K29: =IF($B$5="","",$B$5) | ... O29: =IF($B$5="","",$B$5) | Q29: =IF($B$14="","",$B$14) | R29: =IF($B$14="","",$B$14) | S29: =IF($B$14="","",$B$14) | T29: =IF($B$14="","",$B$14) | U29: =IF($B$14="","",$B$14) | V29: =IF($B$14="","",$B$14) | W29: =IF($B$14="","",$B$14) | X29: =IF($B$14="","",$B$14) | ... AB29: =IF($B$14="","",$B$14)
D30: =IF($B$5="","",$B$5) | E30: =IF($B$5="","",$B$5) | F30: =IF($B$5="","",$B$5) | G30: =IF($B$5="","",$B$5) | H30: =IF($B$5="","",$B$5) | I30: =IF($B$5="","",$B$5) | J30: =IF($B$5="","",$B$5) | K30: =IF($B$5="","",$B$5) | ... O30: =IF($B$5="","",$B$5) | Q30: =IF($B$14="","",$B$14) | R30: =IF($B$14="","",$B$14) | S30: =IF($B$14="","",$B$14) | T30: =IF($B$14="","",$B$14) | U30: =IF($B$14="","",$B$14) | V30: =IF($B$14="","",$B$14) | W30: =IF($B$14="","",$B$14) | X30: =IF($B$14="","",$B$14) | ... AB30: =IF($B$14="","",$B$14)
D32: Salt | Q32: Load conc, C0 (g/L)
D33: =IF($B$7="","",$B$7) | E33: =IF($B$7="","",$B$7) | F33: =IF($B$7="","",$B$7) | G33: =IF($B$7="","",$B$7) | H33: =IF($B$7="","",$B$7) | I33: =IF($B$7="","",$B$7) | J33: =IF($B$7="","",$B$7) | K33: =IF($B$7="","",$B$7) | ... O33: =IF($B$7="","",$B$7) | Q33: =IF($B$15="","",$B$15) | R33: =IF($B$15="","",$B$15) | S33: =IF($B$15="","",$B$15) | T33: =IF($B$15="","",$B$15) | U33: =IF($B$15="","",$B$15) | V33: =IF($B$15="","",$B$15) | W33: =IF($B$15="","",$B$15) | X33: =IF($B$15="","",$B$15) | ... AB33: =IF($B$15="","",$B$15)
D34: =IF($B$7="","",$B$7) | E34: =IF($B$7="","",$B$7) | F34: =IF($B$7="","",$B$7) | G34: =IF($B$7="","",$B$7) | H34: =IF($B$7="","",$B$7) | I34: =IF($B$7="","",$B$7) | J34: =IF($B$7="","",$B$7) | K34: =IF($B$7="","",$B$7) | ... O34: =IF($B$7="","",$B$7) | Q34: =IF($B$15="","",$B$15) | R34: =IF($B$15="","",$B$15) | S34: =IF($B$15="","",$B$15) | T34: =IF($B$15="","",$B$15) | U34: =IF($B$15="","",$B$15) | V34: =IF($B$15="","",$B$15) | W34: =IF($B$15="","",$B$15) | X34: =IF($B$15="","",$B$15) | ... AB34: =IF($B$15="","",$B$15)
D35: =IF($B$7="","",$B$7) | E35: =IF($B$7="","",$B$7) | F35: =IF($B$7="","",$B$7) | G35: =IF($B$7="","",$B$7) | H35: =IF($B$7="","",$B$7) | I35: =IF($B$7="","",$B$7) | J35: =IF($B$7="","",$B$7) | K35: =IF($B$7="","",$B$7) | ... O35: =IF($B$7="","",$B$7) | Q35: =IF($B$15="","",$B$15) | R35: =IF($B$15="","",$B$15) | S35: =IF($B$15="","",$B$15) | T35: =IF($B$15="","",$B$15) | U35: =IF($B$15="","",$B$15) | V35: =IF($B$15="","",$B$15) | W35: =IF($B$15="","",$B$15) | X35: =IF($B$15="","",$B$15) | ... AB35: =IF($B$15="","",$B$15)
D36: =IF($B$7="","",$B$7) | E36: =IF($B$7="","",$B$7) | F36: =IF($B$7="","",$B$7) | G36: =IF($B$7="","",$B$7) | H36: =IF($B$7="","",$B$7) | I36: =IF($B$7="","",$B$7) | J36: =IF($B$7="","",$B$7) | K36: =IF($B$7="","",$B$7) | ... O36: =IF($B$7="","",$B$7) | Q36: =IF($B$15="","",$B$15) | R36: =IF($B$15="","",$B$15) | S36: =IF($B$15="","",$B$15) | T36: =IF($B$15="","",$B$15) | U36: =IF($B$15="","",$B$15) | V36: =IF($B$15="","",$B$15) | W36: =IF($B$15="","",$B$15) | X36: =IF($B$15="","",$B$15) | ... AB36: =IF($B$15="","",$B$15)
D37: =IF($B$7="","",$B$7) | E37: =IF($B$7="","",$B$7) | F37: =IF($B$7="","",$B$7) | G37: =IF($B$7="","",$B$7) | H37: =IF($B$7="","",$B$7) | I37: =IF($B$7="","",$B$7) | J37: =IF($B$7="","",$B$7) | K37: =IF($B$7="","",$B$7) | ... O37: =IF($B$7="","",$B$7) | Q37: =IF($B$15="","",$B$15) | R37: =IF($B$15="","",$B$15) | S37: =IF($B$15="","",$B$15) | T37: =IF($B$15="","",$B$15) | U37: =IF($B$15="","",$B$15) | V37: =IF($B$15="","",$B$15) | W37: =IF($B$15="","",$B$15) | X37: =IF($B$15="","",$B$15) | ... AB37: =IF($B$15="","",$B$15)
D38: =IF($B$7="","",$B$7) | E38: =IF($B$7="","",$B$7) | F38: =IF($B$7="","",$B$7) | G38: =IF($B$7="","",$B$7) | H38: =IF($B$7="","",$B$7) | I38: =IF($B$7="","",$B$7) | J38: =IF($B$7="","",$B$7) | K38: =IF($B$7="","",$B$7) | ... O38: =IF($B$7="","",$B$7) | Q38: =IF($B$15="","",$B$15) | R38: =IF($B$15="","",$B$15) | S38: =IF($B$15="","",$B$15) | T38: =IF($B$15="","",$B$15) | U38: =IF($B$15="","",$B$15) | V38: =IF($B$15="","",$B$15) | W38: =IF($B$15="","",$B$15) | X38: =IF($B$15="","",$B$15) | ... AB38: =IF($B$15="","",$B$15)
D39: =IF($B$7="","",$B$7) | E39: =IF($B$7="","",$B$7) | F39: =IF($B$7="","",$B$7) | G39: =IF($B$7="","",$B$7) | H39: =IF($B$7="","",$B$7) | I39: =IF($B$7="","",$B$7) | J39: =IF($B$7="","",$B$7) | K39: =IF($B$7="","",$B$7) | ... O39: =IF($B$7="","",$B$7) | Q39: =IF($B$15="","",$B$15) | R39: =IF($B$15="","",$B$15) | S39: =IF($B$15="","",$B$15) | T39: =IF($B$15="","",$B$15) | U39: =IF($B$15="","",$B$15) | V39: =IF($B$15="","",$B$15) | W39: =IF($B$15="","",$B$15) | X39: =IF($B$15="","",$B$15) | ... AB39: =IF($B$15="","",$B$15)
D40: =IF($B$7="","",$B$7) | E40: =IF($B$7="","",$B$7) | F40: =IF($B$7="","",$B$7) | G40: =IF($B$7="","",$B$7) | H40: =IF($B$7="","",$B$7) | I40: =IF($B$7="","",$B$7) | J40: =IF($B$7="","",$B$7) | K40: =IF($B$7="","",$B$7) | ... O40: =IF($B$7="","",$B$7) | Q40: =IF($B$15="","",$B$15) | R40: =IF($B$15="","",$B$15) | S40: =IF($B$15="","",$B$15) | T40: =IF($B$15="","",$B$15) | U40: =IF($B$15="","",$B$15) | V40: =IF($B$15="","",$B$15) | W40: =IF($B$15="","",$B$15) | X40: =IF($B$15="","",$B$15) | ... AB40: =IF($B$15="","",$B$15)
D42: Salt/cond | F42: Units: | G42: =IF(B8="","",B8) | Q42: Holdup vol, Vholdup (µL)
D43: =IF($B$9="","",$B$9) | E43: =IF($B$9="","",$B$9) | F43: =IF($B$9="","",$B$9) | G43: =IF($B$9="","",$B$9) | H43: =IF($B$9="","",$B$9) | I43: =IF($B$9="","",$B$9) | J43: =IF($B$9="","",$B$9) | K43: =IF($B$9="","",$B$9) | ... O43: =IF($B$9="","",$B$9) | Q43: =IF($B$17="","",$B$17) | R43: =IF($B$17="","",$B$17) | S43: =IF($B$17="","",$B$17) | T43: =IF($B$17="","",$B$17) | U43: =IF($B$17="","",$B$17) | V43: =IF($B$17="","",$B$17) | W43: =IF($B$17="","",$B$17) | X43: =IF($B$17="","",$B$17) | ... AB43: =IF($B$17="","",$B$17)
D44: =IF($B$9="","",$B$9) | E44: =IF($B$9="","",$B$9) | F44: =IF($B$9="","",$B$9) | G44: =IF($B$9="","",$B$9) | H44: =IF($B$9="","",$B$9) | I44: =IF($B$9="","",$B$9) | J44: =IF($B$9="","",$B$9) | K44: =IF($B$9="","",$B$9) | ... O44: =IF($B$9="","",$B$9) | Q44: =IF($B$17="","",$B$17) | R44: =IF($B$17="","",$B$17) | S44: =IF($B$17="","",$B$17) | T44: =IF($B$17="","",$B$17) | U44: =IF($B$17="","",$B$17) | V44: =IF($B$17="","",$B$17) | W44: =IF($B$17="","",$B$17) | X44: =IF($B$17="","",$B$17) | ... AB44: =IF($B$17="","",$B$17)
D45: =IF($B$9="","",$B$9) | E45: =IF($B$9="","",$B$9) | F45: =IF($B$9="","",$B$9) | G45: =IF($B$9="","",$B$9) | H45: =IF($B$9="","",$B$9) | I45: =IF($B$9="","",$B$9) | J45: =IF($B$9="","",$B$9) | K45: =IF($B$9="","",$B$9) | ... O45: =IF($B$9="","",$B$9) | Q45: =IF($B$17="","",$B$17) | R45: =IF($B$17="","",$B$17) | S45: =IF($B$17="","",$B$17) | T45: =IF($B$17="","",$B$17) | U45: =IF($B$17="","",$B$17) | V45: =IF($B$17="","",$B$17) | W45: =IF($B$17="","",$B$17) | X45: =IF($B$17="","",$B$17) | ... AB45: =IF($B$17="","",$B$17)
D46: =IF($B$9="","",$B$9) | E46: =IF($B$9="","",$B$9) | F46: =IF($B$9="","",$B$9) | G46: =IF($B$9="","",$B$9) | H46: =IF($B$9="","",$B$9) | I46: =IF($B$9="","",$B$9) | J46: =IF($B$9="","",$B$9) | K46: =IF($B$9="","",$B$9) | ... O46: =IF($B$9="","",$B$9) | Q46: =IF($B$17="","",$B$17) | R46: =IF($B$17="","",$B$17) | S46: =IF($B$17="","",$B$17) | T46: =IF($B$17="","",$B$17) | U46: =IF($B$17="","",$B$17) | V46: =IF($B$17="","",$B$17) | W46: =IF($B$17="","",$B$17) | X46: =IF($B$17="","",$B$17) | ... AB46: =IF($B$17="","",$B$17)
D47: =IF($B$9="","",$B$9) | E47: =IF($B$9="","",$B$9) | F47: =IF($B$9="","",$B$9) | G47: =IF($B$9="","",$B$9) | H47: =IF($B$9="","",$B$9) | I47: =IF($B$9="","",$B$9) | J47: =IF($B$9="","",$B$9) | K47: =IF($B$9="","",$B$9) | ... O47: =IF($B$9="","",$B$9) | Q47: =IF($B$17="","",$B$17) | R47: =IF($B$17="","",$B$17) | S47: =IF($B$17="","",$B$17) | T47: =IF($B$17="","",$B$17) | U47: =IF($B$17="","",$B$17) | V47: =IF($B$17="","",$B$17) | W47: =IF($B$17="","",$B$17) | X47: =IF($B$17="","",$B$17) | ... AB47: =IF($B$17="","",$B$17)
D48: =IF($B$9="","",$B$9) | E48: =IF($B$9="","",$B$9) | F48: =IF($B$9="","",$B$9) | G48: =IF($B$9="","",$B$9) | H48: =IF($B$9="","",$B$9) | I48: =IF($B$9="","",$B$9) | J48: =IF($B$9="","",$B$9) | K48: =IF($B$9="","",$B$9) | ... O48: =IF($B$9="","",$B$9) | Q48: =IF($B$17="","",$B$17) | R48: =IF($B$17="","",$B$17) | S48: =IF($B$17="","",$B$17) | T48: =IF($B$17="","",$B$17) | U48: =IF($B$17="","",$B$17) | V48: =IF($B$17="","",$B$17) | W48: =IF($B$17="","",$B$17) | X48: =IF($B$17="","",$B$17) | ... AB48: =IF($B$17="","",$B$17)
D49: =IF($B$9="","",$B$9) | E49: =IF($B$9="","",$B$9) | F49: =IF($B$9="","",$B$9) | G49: =IF($B$9="","",$B$9) | H49: =IF($B$9="","",$B$9) | I49: =IF($B$9="","",$B$9) | J49: =IF($B$9="","",$B$9) | K49: =IF($B$9="","",$B$9) | ... O49: =IF($B$9="","",$B$9) | Q49: =IF($B$17="","",$B$17) | R49: =IF($B$17="","",$B$17) | S49: =IF($B$17="","",$B$17) | T49: =IF($B$17="","",$B$17) | U49: =IF($B$17="","",$B$17) | V49: =IF($B$17="","",$B$17) | W49: =IF($B$17="","",$B$17) | X49: =IF($B$17="","",$B$17) | ... AB49: =IF($B$17="","",$B$17)
D50: =IF($B$9="","",$B$9) | E50: =IF($B$9="","",$B$9) | F50: =IF($B$9="","",$B$9) | G50: =IF($B$9="","",$B$9) | H50: =IF($B$9="","",$B$9) | I50: =IF($B$9="","",$B$9) | J50: =IF($B$9="","",$B$9) | K50: =IF($B$9="","",$B$9) | ... O50: =IF($B$9="","",$B$9) | Q50: =IF($B$17="","",$B$17) | R50: =IF($B$17="","",$B$17) | S50: =IF($B$17="","",$B$17) | T50: =IF($B$17="","",$B$17) | U50: =IF($B$17="","",$B$17) | V50: =IF($B$17="","",$B$17) | W50: =IF($B$17="","",$B$17) | X50: =IF($B$17="","",$B$17) | ... AB50: =IF($B$17="","",$B$17)

Sheet UV calibration and raw data
B2: A280 | F2: A320 | J2: A280 - A320 | M2: Average | N2: StDev | P2: Stock conc (mg/mL) | AO2: A990 | AS2: A900 | AW2: A990 - A900 | AZ2: Average | BA2: StDev | BC2: Standard vol (µL)
J3: =IF(B3="","",B3-F3) | K3: =IF(C3="","",C3-G3) | L3: =IF(D3="","",D3-H3) | M3: =IF(J3="","",AVERAGE(J3:L3)) | N3: =IF(J3="","",STDEV(J3:L3)) | AW3: =IF(AO3="","",AO3-AS3) | AX3: =IF(AP3="","",AP3-AT3) | AY3: =IF(AQ3="","",AQ3-AU3) | AZ3: =IF(AW3="","",AVERAGE(AW3:AY3)) | BA3: =IF(AW3="","",STDEV(AW3:AY3))
J4: =IF(B4="","",B4-F4) | K4: =IF(C4="","",C4-G4) | L4: =IF(D4="","",D4-H4) | M4: =IF(J4="","",AVERAGE(J4:L4)) | N4: =IF(J4="","",STDEV(J4:L4)) | AW4: =IF(AO4="","",AO4-AS4) | AX4: =IF(AP4="","",AP4-AT4) | AY4: =IF(AQ4="","",AQ4-AU4) | AZ4: =IF(AW4="","",AVERAGE(AW4:AY4)) | BA4: =IF(AW4="","",STDEV(AW4:AY4))
J5: =IF(B5="","",B5-F5) | K5: =IF(C5="","",C5-G5) | L5: =IF(D5="","",D5-H5) | M5: =IF(J5="","",AVERAGE(J5:L5)) | N5: =IF(J5="","",STDEV(J5:L5)) | AW5: =IF(AO5="","",AO5-AS5) | AX5: =IF(AP5="","",AP5-AT5) | AY5: =IF(AQ5="","",AQ5-AU5) | AZ5: =IF(AW5="","",AVERAGE(AW5:AY5)) | BA5: =IF(AW5="","",STDEV(AW5:AY5))
J6: =IF(B6="","",B6-F6) | K6: =IF(C6="","",C6-G6) | L6: =IF(D6="","",D6-H6) | M6: =IF(J6="","",AVERAGE(J6:L6)) | N6: =IF(J6="","",STDEV(J6:L6)) | AW6: =IF(AO6="","",AO6-AS6) | AX6: =IF(AP6="","",AP6-AT6) | AY6: =IF(AQ6="","",AQ6-AU6) | AZ6: =IF(AW6="","",AVERAGE(AW6:AY6)) | BA6: =IF(AW6="","",STDEV(AW6:AY6))
J7: =IF(B7="","",B7-F7) | K7: =IF(C7="","",C7-G7) | L7: =IF(D7="","",D7-H7) | M7: =IF(J7="","",AVERAGE(J7:L7)) | N7: =IF(J7="","",STDEV(J7:L7)) | AW7: =IF(AO7="","",AO7-AS7) | AX7: =IF(AP7="","",AP7-AT7) | AY7: =IF(AQ7="","",AQ7-AU7) | AZ7: =IF(AW7="","",AVERAGE(AW7:AY7)) | BA7: =IF(AW7="","",STDEV(AW7:AY7))
J8: =IF(B8="","",B8-F8) | K8: =IF(C8="","",C8-G8) | L8: =IF(D8="","",D8-H8) | M8: =IF(J8="","",AVERAGE(J8:L8)) | N8: =IF(J8="","",STDEV(J8:L8)) | AW8: =IF(AO8="","",AO8-AS8) | AX8: =IF(AP8="","",AP8-AT8) | AY8: =IF(AQ8="","",AQ8-AU8) | AZ8: =IF(AW8="","",AVERAGE(AW8:AY8)) | BA8: =IF(AW8="","",STDEV(AW8:AY8))
J9: =IF(B9="","",B9-F9) | K9: =IF(C9="","",C9-G9) | L9: =IF(D9="","",D9-H9) | M9: =IF(J9="","",AVERAGE(J9:L9)) | N9: =IF(J9="","",STDEV(J9:L9)) | AW9: =IF(AO9="","",AO9-AS9) | AX9: =IF(AP9="","",AP9-AT9) | AY9: =IF(AQ9="","",AQ9-AU9) | AZ9: =IF(AW9="","",AVERAGE(AW9:AY9)) | BA9: =IF(AW9="","",STDEV(AW9:AY9))
J10: =IF(B10="","",B10-F10) | K10: =IF(C10="","",C10-G10) | L10: =IF(D10="","",D10-H10) | M10: =IF(J10="","",AVERAGE(J10:L10)) | N10: =IF(J10="","",STDEV(J10:L10)) | AW10: =IF(AO10="","",AO10-AS10) | AX10: =IF(AP10="","",AP10-AT10) | AY10: =IF(AQ10="","",AQ10-AU10) | AZ10: =IF(AW10="","",AVERAGE(AW10:AY10)) | BA10: =IF(AW10="","",STDEV(AW10:AY10))
B18: A280 calibration | AO18: Pathlength calibration
B19: y = mx + b | AO19: y = mx + b
B20: m | AO20: m
B21: b | AO21: b
B23: Load flowthrough | O23: Load plate initial (optional) | AB23: Strip flowthrough (optional) | AO23: Load flowthrough
B24: A280 | O24: A280 | AB24: A280 | AO24: A990
B34: A320 | O34: A320 | AB34: A320 | AO34: A900
B44: A280 - A320 | O44: A280 - A320 | AB44: A280 - A320 | AO44: A990 - A900
B45: =IF(B25="","",B25-B35) | C45: =IF(C25="","",C25-C35) | D45: =IF(D25="","",D25-D35) | E45: =IF(E25="","",E25-E35) | F45: =IF(F25="","",F25-F35) | G45: =IF(G25="","",G25-G35) | H45: =IF(H25="","",H25-H35) | I45: =IF(I25="","",I25-I35) | ... M45: =IF(M25="","",M25-M35) | O45: =IF(O25="","",O25-O35) | P45: =IF(P25="","",P25-P35) | Q45: =IF(Q25="","",Q25-Q35) | R45: =IF(R25="","",R25-R35) | S45: =IF(S25="","",S25-S35) | T45: =IF(T25="","",T25-T35) | U45: =IF(U25="","",U25-U35) | V45: =IF(V25="","",V25-V35) | ... Z45: =IF(Z25="","",Z25-Z35) | AB45: =IF(AB25="","",AB25-AB35) | AC45: =IF(AC25="","",AC25-AC35) | AD45: =IF(AD25="","",AD25-AD35) | AE45: =IF(AE25="","",AE25-AE35) | AF45: =IF(AF25="","",AF25-AF35) | AG45: =IF(AG25="","",AG25-AG35) | AH45: =IF(AH25="","",AH25-AH35) | AI45: =IF(AI25="","",AI25-AI35) | ... AM45: =IF(AM25="","",AM25-AM35) | AO45: =IF(AO25="","",IF(AO35="","",AO25-AO35)) | AP45: =IF(AP25="","",IF(AP35="","",AP25-AP35)) | AQ45: =IF(AQ25="","",IF(AQ35="","",AQ25-AQ35)) | AR45: =IF(AR25="","",IF(AR35="","",AR25-AR35)) | AS45: =IF(AS25="","",IF(AS35="","",AS25-AS35)) | AT45: =IF(AT25="","",IF(AT35="","",AT25-AT35)) | AU45: =IF(AU25="","",IF(AU35="","",AU25-AU35)) | AV45: =IF(AV25="","",IF(AV35="","",AV25-AV35)) | ... AZ45: =IF(AZ25="","",IF(AZ35="","",AZ25-AZ35))
B46: =IF(B26="","",B26-B36) | C46: =IF(C26="","",C26-C36) | D46: =IF(D26="","",D26-D36) | E46: =IF(E26="","",E26-E36) | F46: =IF(F26="","",F26-F36) | G46: =IF(G26="","",G26-G36) | H46: =IF(H26="","",H26-H36) | I46: =IF(I26="","",I26-I36) | ... M46: =IF(M26="","",M26-M36) | O46: =IF(O26="","",O26-O36) | P46: =IF(P26="","",P26-P36) | Q46: =IF(Q26="","",Q26-Q36) | R46: =IF(R26="","",R26-R36) | S46: =IF(S26="","",S26-S36) | T46: =IF(T26="","",T26-T36) | U46: =IF(U26="","",U26-U36) | V46: =IF(V26="","",V26-V36) | ... Z46: =IF(Z26="","",Z26-Z36) | AB46: =IF(AB26="","",AB26-AB36) | AC46: =IF(AC26="","",AC26-AC36) | AD46: =IF(AD26="","",AD26-AD36) | AE46: =IF(AE26="","",AE26-AE36) | AF46: =IF(AF26="","",AF26-AF36) | AG46: =IF(AG26="","",AG26-AG36) | AH46: =IF(AH26="","",AH26-AH36) | AI46: =IF(AI26="","",AI26-AI36) | ... AM46: =IF(AM26="","",AM26-AM36) | AO46: =IF(AO26="","",IF(AO36="","",AO26-AO36)) | AP46: =IF(AP26="","",IF(AP36="","",AP26-AP36)) | AQ46: =IF(AQ26="","",IF(AQ36="","",AQ26-AQ36)) | AR46: =IF(AR26="","",IF(AR36="","",AR26-AR36)) | AS46: =IF(AS26="","",IF(AS36="","",AS26-AS36)) | AT46: =IF(AT26="","",IF(AT36="","",AT26-AT36)) | AU46: =IF(AU26="","",IF(AU36="","",AU26-AU36)) | AV46: =IF(AV26="","",IF(AV36="","",AV26-AV36)) | ... AZ46: =IF(AZ26="","",IF(AZ36="","",AZ26-AZ36))
B47: =IF(B27="","",B27-B37) | C47: =IF(C27="","",C27-C37) | D47: =IF(D27="","",D27-D37) | E47: =IF(E27="","",E27-E37) | F47: =IF(F27="","",F27-F37) | G47: =IF(G27="","",G27-G37) | H47: =IF(H27="","",H27-H37) | I47: =IF(I27="","",I27-I37) | ... M47: =IF(M27="","",M27-M37) | O47: =IF(O27="","",O27-O37) | P47: =IF(P27="","",P27-P37) | Q47: =IF(Q27="","",Q27-Q37) | R47: =IF(R27="","",R27-R37) | S47: =IF(S27="","",S27-S37) | T47: =IF(T27="","",T27-T37) | U47: =IF(U27="","",U27-U37) | V47: =IF(V27="","",V27-V37) | ... Z47: =IF(Z27="","",Z27-Z37) | AB47: =IF(AB27="","",AB27-AB37) | AC47: =IF(AC27="","",AC27-AC37) | AD47: =IF(AD27="","",AD27-AD37) | AE47: =IF(AE27="","",AE27-AE37) | AF47: =IF(AF27="","",AF27-AF37) | AG47: =IF(AG27="","",AG27-AG37) | AH47: =IF(AH27="","",AH27-AH37) | AI47: =IF(AI27="","",AI27-AI37) | ... AM47: =IF(AM27="","",AM27-AM37) | AO47: =IF(AO27="","",IF(AO37="","",AO27-AO37)) | AP47: =IF(AP27="","",IF(AP37="","",AP27-AP37)) | AQ47: =IF(AQ27="","",IF(AQ37="","",AQ27-AQ37)) | AR47: =IF(AR27="","",IF(AR37="","",AR27-AR37)) | AS47: =IF(AS27="","",IF(AS37="","",AS27-AS37)) | AT47: =IF(AT27="","",IF(AT37="","",AT27-AT37)) | AU47: =IF(AU27="","",IF(AU37="","",AU27-AU37)) | AV47: =IF(AV27="","",IF(AV37="","",AV27-AV37)) | ... AZ47: =IF(AZ27="","",IF(AZ37="","",AZ27-AZ37))
B48: =IF(B28="","",B28-B38) | C48: =IF(C28="","",C28-C38) | D48: =IF(D28="","",D28-D38) | E48: =IF(E28="","",E28-E38) | F48: =IF(F28="","",F28-F38) | G48: =IF(G28="","",G28-G38) | H48: =IF(H28="","",H28-H38) | I48: =IF(I28="","",I28-I38) | ... M48: =IF(M28="","",M28-M38) | O48: =IF(O28="","",O28-O38) | P48: =IF(P28="","",P28-P38) | Q48: =IF(Q28="","",Q28-Q38) | R48: =IF(R28="","",R28-R38) | S48: =IF(S28="","",S28-S38) | T48: =IF(T28="","",T28-T38) | U48: =IF(U28="","",U28-U38) | V48: =IF(V28="","",V28-V38) | ... Z48: =IF(Z28="","",Z28-Z38) | AB48: =IF(AB28="","",AB28-AB38) | AC48: =IF(AC28="","",AC28-AC38) | AD48: =IF(AD28="","",AD28-AD38) | AE48: =IF(AE28="","",AE28-AE38) | AF48: =IF(AF28="","",AF28-AF38) | AG48: =IF(AG28="","",AG28-AG38) | AH48: =IF(AH28="","",AH28-AH38) | AI48: =IF(AI28="","",AI28-AI38) | ... AM48: =IF(AM28="","",AM28-AM38) | AO48: =IF(AO28="","",IF(AO38="","",AO28-AO38)) | AP48: =IF(AP28="","",IF(AP38="","",AP28-AP38)) | AQ48: =IF(AQ28="","",IF(AQ38="","",AQ28-AQ38)) | AR48: =IF(AR28="","",IF(AR38="","",AR28-AR38)) | AS48: =IF(AS28="","",IF(AS38="","",AS28-AS38)) | AT48: =IF(AT28="","",IF(AT38="","",AT28-AT38)) | AU48: =IF(AU28="","",IF(AU38="","",AU28-AU38)) | AV48: =IF(AV28="","",IF(AV38="","",AV28-AV38)) | ... AZ48: =IF(AZ28="","",IF(AZ38="","",AZ28-AZ38))
B49: =IF(B29="","",B29-B39) | C49: =IF(C29="","",C29-C39) | D49: =IF(D29="","",D29-D39) | E49: =IF(E29="","",E29-E39) | F49: =IF(F29="","",F29-F39) | G49: =IF(G29="","",G29-G39) | H49: =IF(H29="","",H29-H39) | I49: =IF(I29="","",I29-I39) | ... M49: =IF(M29="","",M29-M39) | O49: =IF(O29="","",O29-O39) | P49: =IF(P29="","",P29-P39) | Q49: =IF(Q29="","",Q29-Q39) | R49: =IF(R29="","",R29-R39) | S49: =IF(S29="","",S29-S39) | T49: =IF(T29="","",T29-T39) | U49: =IF(U29="","",U29-U39) | V49: =IF(V29="","",V29-V39) | ... Z49: =IF(Z29="","",Z29-Z39) | AB49: =IF(AB29="","",AB29-AB39) | AC49: =IF(AC29="","",AC29-AC39) | AD49: =IF(AD29="","",AD29-AD39) | AE49: =IF(AE29="","",AE29-AE39) | AF49: =IF(AF29="","",AF29-AF39) | AG49: =IF(AG29="","",AG29-AG39) | AH49: =IF(AH29="","",AH29-AH39) | AI49: =IF(AI29="","",AI29-AI39) | ... AM49: =IF(AM29="","",AM29-AM39) | AO49: =IF(AO29="","",IF(AO39="","",AO29-AO39)) | AP49: =IF(AP29="","",IF(AP39="","",AP29-AP39)) | AQ49: =IF(AQ29="","",IF(AQ39="","",AQ29-AQ39)) | AR49: =IF(AR29="","",IF(AR39="","",AR29-AR39)) | AS49: =IF(AS29="","",IF(AS39="","",AS29-AS39)) | AT49: =IF(AT29="","",IF(AT39="","",AT29-AT39)) | AU49: =IF(AU29="","",IF(AU39="","",AU29-AU39)) | AV49: =IF(AV29="","",IF(AV39="","",AV29-AV39)) | ... AZ49: =IF(AZ29="","",IF(AZ39="","",AZ29-AZ39))
B50: =IF(B30="","",B30-B40) | C50: =IF(C30="","",C30-C40) | D50: =IF(D30="","",D30-D40) | E50: =IF(E30="","",E30-E40) | F50: =IF(F30="","",F30-F40) | G50: =IF(G30="","",G30-G40) | H50: =IF(H30="","",H30-H40) | I50: =IF(I30="","",I30-I40) | ... M50: =IF(M30="","",M30-M40) | O50: =IF(O30="","",O30-O40) | P50: =IF(P30="","",P30-P40) | Q50: =IF(Q30="","",Q30-Q40) | R50: =IF(R30="","",R30-R40) | S50: =IF(S30="","",S30-S40) | T50: =IF(T30="","",T30-T40) | U50: =IF(U30="","",U30-U40) | V50: =IF(V30="","",V30-V40) | ... Z50: =IF(Z30="","",Z30-Z40) | AB50: =IF(AB30="","",AB30-AB40) | AC50: =IF(AC30="","",AC30-AC40) | AD50: =IF(AD30="","",AD30-AD40) | AE50: =IF(AE30="","",AE30-AE40) | AF50: =IF(AF30="","",AF30-AF40) | AG50: =IF(AG30="","",AG30-AG40) | AH50: =IF(AH30="","",AH30-AH40) | AI50: =IF(AI30="","",AI30-AI40) | ... AM50: =IF(AM30="","",AM30-AM40) | AO50: =IF(AO30="","",IF(AO40="","",AO30-AO40)) | AP50: =IF(AP30="","",IF(AP40="","",AP30-AP40)) | AQ50: =IF(AQ30="","",IF(AQ40="","",AQ30-AQ40)) | AR50: =IF(AR30="","",IF(AR40="","",AR30-AR40)) | AS50: =IF(AS30="","",IF(AS40="","",AS30-AS40)) | AT50: =IF(AT30="","",IF(AT40="","",AT30-AT40)) | AU50: =IF(AU30="","",IF(AU40="","",AU30-AU40)) | AV50: =IF(AV30="","",IF(AV40="","",AV30-AV40)) | ... AZ50: =IF(AZ30="","",IF(AZ40="","",AZ30-AZ40))
B51: =IF(B31="","",B31-B41) | C51: =IF(C31="","",C31-C41) | D51: =IF(D31="","",D31-D41) | E51: =IF(E31="","",E31-E41) | F51: =IF(F31="","",F31-F41) | G51: =IF(G31="","",G31-G41) | H51: =IF(H31="","",H31-H41) | I51: =IF(I31="","",I31-I41) | ... M51: =IF(M31="","",M31-M41) | O51: =IF(O31="","",O31-O41) | P51: =IF(P31="","",P31-P41) | Q51: =IF(Q31="","",Q31-Q41) | R51: =IF(R31="","",R31-R41) | S51: =IF(S31="","",S31-S41) | T51: =IF(T31="","",T31-T41) | U51: =IF(U31="","",U31-U41) | V51: =IF(V31="","",V31-V41) | ... Z51: =IF(Z31="","",Z31-Z41) | AB51: =IF(AB31="","",AB31-AB41) | AC51: =IF(AC31="","",AC31-AC41) | AD51: =IF(AD31="","",AD31-AD41) | AE51: =IF(AE31="","",AE31-AE41) | AF51: =IF(AF31="","",AF31-AF41) | AG51: =IF(AG31="","",AG31-AG41) | AH51: =IF(AH31="","",AH31-AH41) | AI51: =IF(AI31="","",AI31-AI41) | ... AM51: =IF(AM31="","",AM31-AM41) | AO51: =IF(AO31="","",IF(AO41="","",AO31-AO41)) | AP51: =IF(AP31="","",IF(AP41="","",AP31-AP41)) | AQ51: =IF(AQ31="","",IF(AQ41="","",AQ31-AQ41)) | AR51: =IF(AR31="","",IF(AR41="","",AR31-AR41)) | AS51: =IF(AS31="","",IF(AS41="","",AS31-AS41)) | AT51: =IF(AT31="","",IF(AT41="","",AT31-AT41)) | AU51: =IF(AU31="","",IF(AU41="","",AU31-AU41)) | AV51: =IF(AV31="","",IF(AV41="","",AV31-AV41)) | ... AZ51: =IF(AZ31="","",IF(AZ41="","",AZ31-AZ41))
B52: =IF(B32="","",B32-B42) | C52: =IF(C32="","",C32-C42) | D52: =IF(D32="","",D32-D42) | E52: =IF(E32="","",E32-E42) | F52: =IF(F32="","",F32-F42) | G52: =IF(G32="","",G32-G42) | H52: =IF(H32="","",H32-H42) | I52: =IF(I32="","",I32-I42) | ... M52: =IF(M32="","",M32-M42) | O52: =IF(O32="","",O32-O42) | P52: =IF(P32="","",P32-P42) | Q52: =IF(Q32="","",Q32-Q42) | R52: =IF(R32="","",R32-R42) | S52: =IF(S32="","",S32-S42) | T52: =IF(T32="","",T32-T42) | U52: =IF(U32="","",U32-U42) | V52: =IF(V32="","",V32-V42) | ... Z52: =IF(Z32="","",Z32-Z42) | AB52: =IF(AB32="","",AB32-AB42) | AC52: =IF(AC32="","",AC32-AC42) | AD52: =IF(AD32="","",AD32-AD42) | AE52: =IF(AE32="","",AE32-AE42) | AF52: =IF(AF32="","",AF32-AF42) | AG52: =IF(AG32="","",AG32-AG42) | AH52: =IF(AH32="","",AH32-AH42) | AI52: =IF(AI32="","",AI32-AI42) | ... AM52: =IF(AM32="","",AM32-AM42) | AO52: =IF(AO32="","",IF(AO42="","",AO32-AO42)) | AP52: =IF(AP32="","",IF(AP42="","",AP32-AP42)) | AQ52: =IF(AQ32="","",IF(AQ42="","",AQ32-AQ42)) | AR52: =IF(AR32="","",IF(AR42="","",AR32-AR42)) | AS52: =IF(AS32="","",IF(AS42="","",AS32-AS42)) | AT52: =IF(AT32="","",IF(AT42="","",AT32-AT42)) | AU52: =IF(AU32="","",IF(AU42="","",AU32-AU42)) | AV52: =IF(AV32="","",IF(AV42="","",AV32-AV42)) | ... AZ52: =IF(AZ32="","",IF(AZ42="","",AZ32-AZ42))
B54: Conc, C (mg/mL) | D54: Measured max: | F54: =IF(SUM(B55:M62)=0,"",MAX(B55:M62)) | O54: Conc, C0 (mg/mL) | Q54: Measured average: | S54: =IF(SUM(O55:Z62)=0,"",AVERAGE(O55:Z62)) | AB54: Conc (mg/mL | AO54: Corrected vol (µL)
B55: =IF(B45="","",B45*$C$20+$C$21) | C55: =IF(C45="","",C45*$C$20+$C$21) | D55: =IF(D45="","",D45*$C$20+$C$21) | E55: =IF(E45="","",E45*$C$20+$C$21) | F55: =IF(F45="","",F45*$C$20+$C$21) | G55: =IF(G45="","",G45*$C$20+$C$21) | H55: =IF(H45="","",H45*$C$20+$C$21) | I55: =IF(I45="","",I45*$C$20+$C$21) | ... M55: =IF(M45="","",M45*$C$20+$C$21) | O55: =IF(O45="","",O45*$C$20+$C$21) | P55: =IF(P45="","",P45*$C$20+$C$21) | Q55: =IF(Q45="","",Q45*$C$20+$C$21) | R55: =IF(R45="","",R45*$C$20+$C$21) | S55: =IF(S45="","",S45*$C$20+$C$21) | T55: =IF(T45="","",T45*$C$20+$C$21) | U55: =IF(U45="","",U45*$C$20+$C$21) | V55: =IF(V45="","",V45*$C$20+$C$21) | ... Z55: =IF(Z45="","",Z45*$C$20+$C$21) | AB55: =IF(AB45="","",AB45*$C$20+$C$21) | AC55: =IF(AC45="","",AC45*$C$20+$C$21) | AD55: =IF(AD45="","",AD45*$C$20+$C$21) | AE55: =IF(AE45="","",AE45*$C$20+$C$21) | AF55: =IF(AF45="","",AF45*$C$20+$C$21) | AG55: =IF(AG45="","",AG45*$C$20+$C$21) | AH55: =IF(AH45="","",AH45*$C$20+$C$21) | AI55: =IF(AI45="","",AI45*$C$20+$C$21) | ... AM55: =IF(AM45="","",AM45*$C$20+$C$21) | AO55: =IF(AO45="","",AO45*$AP$20+$AP$21) | AP55: =IF(AP45="","",AP45*$AP$20+$AP$21) | AQ55: =IF(AQ45="","",AQ45*$AP$20+$AP$21) | AR55: =IF(AR45="","",AR45*$AP$20+$AP$21) | AS55: =IF(AS45="","",AS45*$AP$20+$AP$21) | AT55: =IF(AT45="","",AT45*$AP$20+$AP$21) | AU55: =IF(AU45="","",AU45*$AP$20+$AP$21) | AV55: =IF(AV45="","",AV45*$AP$20+$AP$21) | ... AZ55: =IF(AZ45="","",AZ45*$AP$20+$AP$21)
B56: =IF(B46="","",B46*$C$20+$C$21) | C56: =IF(C46="","",C46*$C$20+$C$21) | D56: =IF(D46="","",D46*$C$20+$C$21) | E56: =IF(E46="","",E46*$C$20+$C$21) | F56: =IF(F46="","",F46*$C$20+$C$21) | G56: =IF(G46="","",G46*$C$20+$C$21) | H56: =IF(H46="","",H46*$C$20+$C$21) | I56: =IF(I46="","",I46*$C$20+$C$21) | ... M56: =IF(M46="","",M46*$C$20+$C$21) | O56: =IF(O46="","",O46*$C$20+$C$21) | P56: =IF(P46="","",P46*$C$20+$C$21) | Q56: =IF(Q46="","",Q46*$C$20+$C$21) | R56: =IF(R46="","",R46*$C$20+$C$21) | S56: =IF(S46="","",S46*$C$20+$C$21) | T56: =IF(T46="","",T46*$C$20+$C$21) | U56: =IF(U46="","",U46*$C$20+$C$21) | V56: =IF(V46="","",V46*$C$20+$C$21) | ... Z56: =IF(Z46="","",Z46*$C$20+$C$21) | AB56: =IF(AB46="","",AB46*$C$20+$C$21) | AC56: =IF(AC46="","",AC46*$C$20+$C$21) | AD56: =IF(AD46="","",AD46*$C$20+$C$21) | AE56: =IF(AE46="","",AE46*$C$20+$C$21) | AF56: =IF(AF46="","",AF46*$C$20+$C$21) | AG56: =IF(AG46="","",AG46*$C$20+$C$21) | AH56: =IF(AH46="","",AH46*$C$20+$C$21) | AI56: =IF(AI46="","",AI46*$C$20+$C$21) | ... AM56: =IF(AM46="","",AM46*$C$20+$C$21) | AO56: =IF(AO46="","",AO46*$AP$20+$AP$21) | AP56: =IF(AP46="","",AP46*$AP$20+$AP$21) | AQ56: =IF(AQ46="","",AQ46*$AP$20+$AP$21) | AR56: =IF(AR46="","",AR46*$AP$20+$AP$21) | AS56: =IF(AS46="","",AS46*$AP$20+$AP$21) | AT56: =IF(AT46="","",AT46*$AP$20+$AP$21) | AU56: =IF(AU46="","",AU46*$AP$20+$AP$21) | AV56: =IF(AV46="","",AV46*$AP$20+$AP$21) | ... AZ56: =IF(AZ46="","",AZ46*$AP$20+$AP$21)
B57: =IF(B47="","",B47*$C$20+$C$21) | C57: =IF(C47="","",C47*$C$20+$C$21) | D57: =IF(D47="","",D47*$C$20+$C$21) | E57: =IF(E47="","",E47*$C$20+$C$21) | F57: =IF(F47="","",F47*$C$20+$C$21) | G57: =IF(G47="","",G47*$C$20+$C$21) | H57: =IF(H47="","",H47*$C$20+$C$21) | I57: =IF(I47="","",I47*$C$20+$C$21) | ... M57: =IF(M47="","",M47*$C$20+$C$21) | O57: =IF(O47="","",O47*$C$20+$C$21) | P57: =IF(P47="","",P47*$C$20+$C$21) | Q57: =IF(Q47="","",Q47*$C$20+$C$21) | R57: =IF(R47="","",R47*$C$20+$C$21) | S57: =IF(S47="","",S47*$C$20+$C$21) | T57: =IF(T47="","",T47*$C$20+$C$21) | U57: =IF(U47="","",U47*$C$20+$C$21) | V57: =IF(V47="","",V47*$C$20+$C$21) | ... Z57: =IF(Z47="","",Z47*$C$20+$C$21) | AB57: =IF(AB47="","",AB47*$C$20+$C$21) | AC57: =IF(AC47="","",AC47*$C$20+$C$21) | AD57: =IF(AD47="","",AD47*$C$20+$C$21) | AE57: =IF(AE47="","",AE47*$C$20+$C$21) | AF57: =IF(AF47="","",AF47*$C$20+$C$21) | AG57: =IF(AG47="","",AG47*$C$20+$C$21) | AH57: =IF(AH47="","",AH47*$C$20+$C$21) | AI57: =IF(AI47="","",AI47*$C$20+$C$21) | ... AM57: =IF(AM47="","",AM47*$C$20+$C$21) | AO57: =IF(AO47="","",AO47*$AP$20+$AP$21) | AP57: =IF(AP47="","",AP47*$AP$20+$AP$21) | AQ57: =IF(AQ47="","",AQ47*$AP$20+$AP$21) | AR57: =IF(AR47="","",AR47*$AP$20+$AP$21) | AS57: =IF(AS47="","",AS47*$AP$20+$AP$21) | AT57: =IF(AT47="","",AT47*$AP$20+$AP$21) | AU57: =IF(AU47="","",AU47*$AP$20+$AP$21) | AV57: =IF(AV47="","",AV47*$AP$20+$AP$21) | ... AZ57: =IF(AZ47="","",AZ47*$AP$20+$AP$21)
B58: =IF(B48="","",B48*$C$20+$C$21) | C58: =IF(C48="","",C48*$C$20+$C$21) | D58: =IF(D48="","",D48*$C$20+$C$21) | E58: =IF(E48="","",E48*$C$20+$C$21) | F58: =IF(F48="","",F48*$C$20+$C$21) | G58: =IF(G48="","",G48*$C$20+$C$21) | H58: =IF(H48="","",H48*$C$20+$C$21) | I58: =IF(I48="","",I48*$C$20+$C$21) | ... M58: =IF(M48="","",M48*$C$20+$C$21) | O58: =IF(O48="","",O48*$C$20+$C$21) | P58: =IF(P48="","",P48*$C$20+$C$21) | Q58: =IF(Q48="","",Q48*$C$20+$C$21) | R58: =IF(R48="","",R48*$C$20+$C$21) | S58: =IF(S48="","",S48*$C$20+$C$21) | T58: =IF(T48="","",T48*$C$20+$C$21) | U58: =IF(U48="","",U48*$C$20+$C$21) | V58: =IF(V48="","",V48*$C$20+$C$21) | ... Z58: =IF(Z48="","",Z48*$C$20+$C$21) | AB58: =IF(AB48="","",AB48*$C$20+$C$21) | AC58: =IF(AC48="","",AC48*$C$20+$C$21) | AD58: =IF(AD48="","",AD48*$C$20+$C$21) | AE58: =IF(AE48="","",AE48*$C$20+$C$21) | AF58: =IF(AF48="","",AF48*$C$20+$C$21) | AG58: =IF(AG48="","",AG48*$C$20+$C$21) | AH58: =IF(AH48="","",AH48*$C$20+$C$21) | AI58: =IF(AI48="","",AI48*$C$20+$C$21) | ... AM58: =IF(AM48="","",AM48*$C$20+$C$21) | AO58: =IF(AO48="","",AO48*$AP$20+$AP$21) | AP58: =IF(AP48="","",AP48*$AP$20+$AP$21) | AQ58: =IF(AQ48="","",AQ48*$AP$20+$AP$21) | AR58: =IF(AR48="","",AR48*$AP$20+$AP$21) | AS58: =IF(AS48="","",AS48*$AP$20+$AP$21) | AT58: =IF(AT48="","",AT48*$AP$20+$AP$21) | AU58: =IF(AU48="","",AU48*$AP$20+$AP$21) | AV58: =IF(AV48="","",AV48*$AP$20+$AP$21) | ... AZ58: =IF(AZ48="","",AZ48*$AP$20+$AP$21)
B59: =IF(B49="","",B49*$C$20+$C$21) | C59: =IF(C49="","",C49*$C$20+$C$21) | D59: =IF(D49="","",D49*$C$20+$C$21) | E59: =IF(E49="","",E49*$C$20+$C$21) | F59: =IF(F49="","",F49*$C$20+$C$21) | G59: =IF(G49="","",G49*$C$20+$C$21) | H59: =IF(H49="","",H49*$C$20+$C$21) | I59: =IF(I49="","",I49*$C$20+$C$21) | ... M59: =IF(M49="","",M49*$C$20+$C$21) | O59: =IF(O49="","",O49*$C$20+$C$21) | P59: =IF(P49="","",P49*$C$20+$C$21) | Q59: =IF(Q49="","",Q49*$C$20+$C$21) | R59: =IF(R49="","",R49*$C$20+$C$21) | S59: =IF(S49="","",S49*$C$20+$C$21) | T59: =IF(T49="","",T49*$C$20+$C$21) | U59: =IF(U49="","",U49*$C$20+$C$21) | V59: =IF(V49="","",V49*$C$20+$C$21) | ... Z59: =IF(Z49="","",Z49*$C$20+$C$21) | AB59: =IF(AB49="","",AB49*$C$20+$C$21) | AC59: =IF(AC49="","",AC49*$C$20+$C$21) | AD59: =IF(AD49="","",AD49*$C$20+$C$21) | AE59: =IF(AE49="","",AE49*$C$20+$C$21) | AF59: =IF(AF49="","",AF49*$C$20+$C$21) | AG59: =IF(AG49="","",AG49*$C$20+$C$21) | AH59: =IF(AH49="","",AH49*$C$20+$C$21) | AI59: =IF(AI49="","",AI49*$C$20+$C$21) | ... AM59: =IF(AM49="","",AM49*$C$20+$C$21) | AO59: =IF(AO49="","",AO49*$AP$20+$AP$21) | AP59: =IF(AP49="","",AP49*$AP$20+$AP$21) | AQ59: =IF(AQ49="","",AQ49*$AP$20+$AP$21) | AR59: =IF(AR49="","",AR49*$AP$20+$AP$21) | AS59: =IF(AS49="","",AS49*$AP$20+$AP$21) | AT59: =IF(AT49="","",AT49*$AP$20+$AP$21) | AU59: =IF(AU49="","",AU49*$AP$20+$AP$21) | AV59: =IF(AV49="","",AV49*$AP$20+$AP$21) | ... AZ59: =IF(AZ49="","",AZ49*$AP$20+$AP$21)
B60: =IF(B50="","",B50*$C$20+$C$21) | C60: =IF(C50="","",C50*$C$20+$C$21) | D60: =IF(D50="","",D50*$C$20+$C$21) | E60: =IF(E50="","",E50*$C$20+$C$21) | F60: =IF(F50="","",F50*$C$20+$C$21) | G60: =IF(G50="","",G50*$C$20+$C$21) | H60: =IF(H50="","",H50*$C$20+$C$21) | I60: =IF(I50="","",I50*$C$20+$C$21) | ... M60: =IF(M50="","",M50*$C$20+$C$21) | O60: =IF(O50="","",O50*$C$20+$C$21) | P60: =IF(P50="","",P50*$C$20+$C$21) | Q60: =IF(Q50="","",Q50*$C$20+$C$21) | R60: =IF(R50="","",R50*$C$20+$C$21) | S60: =IF(S50="","",S50*$C$20+$C$21) | T60: =IF(T50="","",T50*$C$20+$C$21) | U60: =IF(U50="","",U50*$C$20+$C$21) | V60: =IF(V50="","",V50*$C$20+$C$21) | ... Z60: =IF(Z50="","",Z50*$C$20+$C$21) | AB60: =IF(AB50="","",AB50*$C$20+$C$21) | AC60: =IF(AC50="","",AC50*$C$20+$C$21) | AD60: =IF(AD50="","",AD50*$C$20+$C$21) | AE60: =IF(AE50="","",AE50*$C$20+$C$21) | AF60: =IF(AF50="","",AF50*$C$20+$C$21) | AG60: =IF(AG50="","",AG50*$C$20+$C$21) | AH60: =IF(AH50="","",AH50*$C$20+$C$21) | AI60: =IF(AI50="","",AI50*$C$20+$C$21) | ... AM60: =IF(AM50="","",AM50*$C$20+$C$21) | AO60: =IF(AO50="","",AO50*$AP$20+$AP$21) | AP60: =IF(AP50="","",AP50*$AP$20+$AP$21) | AQ60: =IF(AQ50="","",AQ50*$AP$20+$AP$21) | AR60: =IF(AR50="","",AR50*$AP$20+$AP$21) | AS60: =IF(AS50="","",AS50*$AP$20+$AP$21) | AT60: =IF(AT50="","",AT50*$AP$20+$AP$21) | AU60: =IF(AU50="","",AU50*$AP$20+$AP$21) | AV60: =IF(AV50="","",AV50*$AP$20+$AP$21) | ... AZ60: =IF(AZ50="","",AZ50*$AP$20+$AP$21)
B61: =IF(B51="","",B51*$C$20+$C$21) | C61: =IF(C51="","",C51*$C$20+$C$21) | D61: =IF(D51="","",D51*$C$20+$C$21) | E61: =IF(E51="","",E51*$C$20+$C$21) | F61: =IF(F51="","",F51*$C$20+$C$21) | G61: =IF(G51="","",G51*$C$20+$C$21) | H61: =IF(H51="","",H51*$C$20+$C$21) | I61: =IF(I51="","",I51*$C$20+$C$21) | ... M61: =IF(M51="","",M51*$C$20+$C$21) | O61: =IF(O51="","",O51*$C$20+$C$21) | P61: =IF(P51="","",P51*$C$20+$C$21) | Q61: =IF(Q51="","",Q51*$C$20+$C$21) | R61: =IF(R51="","",R51*$C$20+$C$21) | S61: =IF(S51="","",S51*$C$20+$C$21) | T61: =IF(T51="","",T51*$C$20+$C$21) | U61: =IF(U51="","",U51*$C$20+$C$21) | V61: =IF(V51="","",V51*$C$20+$C$21) | ... Z61: =IF(Z51="","",Z51*$C$20+$C$21) | AB61: =IF(AB51="","",AB51*$C$20+$C$21) | AC61: =IF(AC51="","",AC51*$C$20+$C$21) | AD61: =IF(AD51="","",AD51*$C$20+$C$21) | AE61: =IF(AE51="","",AE51*$C$20+$C$21) | AF61: =IF(AF51="","",AF51*$C$20+$C$21) | AG61: =IF(AG51="","",AG51*$C$20+$C$21) | AH61: =IF(AH51="","",AH51*$C$20+$C$21) | AI61: =IF(AI51="","",AI51*$C$20+$C$21) | ... AM61: =IF(AM51="","",AM51*$C$20+$C$21) | AO61: =IF(AO51="","",AO51*$AP$20+$AP$21) | AP61: =IF(AP51="","",AP51*$AP$20+$AP$21) | AQ61: =IF(AQ51="","",AQ51*$AP$20+$AP$21) | AR61: =IF(AR51="","",AR51*$AP$20+$AP$21) | AS61: =IF(AS51="","",AS51*$AP$20+$AP$21) | AT61: =IF(AT51="","",AT51*$AP$20+$AP$21) | AU61: =IF(AU51="","",AU51*$AP$20+$AP$21) | AV61: =IF(AV51="","",AV51*$AP$20+$AP$21) | ... AZ61: =IF(AZ51="","",AZ51*$AP$20+$AP$21)
B62: =IF(B52="","",B52*$C$20+$C$21) | C62: =IF(C52="","",C52*$C$20+$C$21) | D62: =IF(D52="","",D52*$C$20+$C$21) | E62: =IF(E52="","",E52*$C$20+$C$21) | F62: =IF(F52="","",F52*$C$20+$C$21) | G62: =IF(G52="","",G52*$C$20+$C$21) | H62: =IF(H52="","",H52*$C$20+$C$21) | I62: =IF(I52="","",I52*$C$20+$C$21) | ... M62: =IF(M52="","",M52*$C$20+$C$21) | O62: =IF(O52="","",O52*$C$20+$C$21) | P62: =IF(P52="","",P52*$C$20+$C$21) | Q62: =IF(Q52="","",Q52*$C$20+$C$21) | R62: =IF(R52="","",R52*$C$20+$C$21) | S62: =IF(S52="","",S52*$C$20+$C$21) | T62: =IF(T52="","",T52*$C$20+$C$21) | U62: =IF(U52="","",U52*$C$20+$C$21) | V62: =IF(V52="","",V52*$C$20+$C$21) | ... Z62: =IF(Z52="","",Z52*$C$20+$C$21) | AB62: =IF(AB52="","",AB52*$C$20+$C$21) | AC62: =IF(AC52="","",AC52*$C$20+$C$21) | AD62: =IF(AD52="","",AD52*$C$20+$C$21) | AE62: =IF(AE52="","",AE52*$C$20+$C$21) | AF62: =IF(AF52="","",AF52*$C$20+$C$21) | AG62: =IF(AG52="","",AG52*$C$20+$C$21) | AH62: =IF(AH52="","",AH52*$C$20+$C$21) | AI62: =IF(AI52="","",AI52*$C$20+$C$21) | ... AM62: =IF(AM52="","",AM52*$C$20+$C$21) | AO62: =IF(AO52="","",AO52*$AP$20+$AP$21) | AP62: =IF(AP52="","",AP52*$AP$20+$AP$21) | AQ62: =IF(AQ52="","",AQ52*$AP$20+$AP$21) | AR62: =IF(AR52="","",AR52*$AP$20+$AP$21) | AS62: =IF(AS52="","",AS52*$AP$20+$AP$21) | AT62: =IF(AT52="","",AT52*$AP$20+$AP$21) | AU62: =IF(AU52="","",AU52*$AP$20+$AP$21) | AV62: =IF(AV52="","",AV52*$AP$20+$AP$21) | ... AZ62: =IF(AZ52="","",AZ52*$AP$20+$AP$21)

Sheet Results
D1: Target protein (g/L) | Q1: Impurity 1: | R1: =IF(B10="","",B10) | T1: Units: | U1: =IF(B11="","",B11) | AD1: Impurity 2: | AE1: =IF(B14="","",B14) | AG1: Units: | AH1: =IF(B15="","",B15)
A2: Uniform value (optional): | D2: C0 | Q2: C0 | AD2: C0
A3: Resin vol (µL): | B3: =IF(Inputs!B12="","",Inputs!B12) | D3: =IF($B$8="",IF('UV calibration and raw data'!O55="",IF(Inputs!Q33="","",Inputs!Q33),'UV calibration and raw data'!O55),Results!$B$8) | E3: =IF($B$8="",IF('UV calibration and raw data'!P55="",IF(Inputs!R33="","",Inputs!R33),'UV calibration and raw data'!P55),Results!$B$8) | F3: =IF($B$8="",IF('UV calibration and raw data'!Q55="",IF(Inputs!S33="","",Inputs!S33),'UV calibration and raw data'!Q55),Results!$B$8) | G3: =IF($B$8="",IF('UV calibration and raw data'!R55="",IF(Inputs!T33="","",Inputs!T33),'UV calibration and raw data'!R55),Results!$B$8) | H3: =IF($B$8="",IF('UV calibration and raw data'!S55="",IF(Inputs!U33="","",Inputs!U33),'UV calibration and raw data'!S55),Results!$B$8) | I3: =IF($B$8="",IF('UV calibration and raw data'!T55="",IF(Inputs!V33="","",Inputs!V33),'UV calibration and raw data'!T55),Results!$B$8) | J3: =IF($B$8="",IF('UV calibration and raw data'!U55="",IF(Inputs!W33="","",Inputs!W33),'UV calibration and raw data'!U55),Results!$B$8) | K3: =IF($B$8="",IF('UV calibration and raw data'!V55="",IF(Inputs!X33="","",Inputs!X33),'UV calibration and raw data'!V55),Results!$B$8) | ... O3: =IF($B$8="",IF('UV calibration and raw data'!Z55="",IF(Inputs!AB33="","",Inputs!AB33),'UV calibration and raw data'!Z55),Results!$B$8) | Q3: =IF($B$12="","",$B$12) | R3: =IF($B$12="","",$B$12) | S3: =IF($B$12="","",$B$12) | T3: =IF($B$12="","",$B$12) | U3: =IF($B$12="","",$B$12) | V3: =IF($B$12="","",$B$12) | W3: =IF($B$12="","",$B$12) | X3: =IF($B$12="","",$B$12) | ... AB3: =IF($B$12="","",$B$12) | AD3: =IF($B$16="","",$B$16) | AE3: =IF($B$16="","",$B$16) | AF3: =IF($B$16="","",$B$16) | AG3: =IF($B$16="","",$B$16) | AH3: =IF($B$16="","",$B$16) | AI3: =IF($B$16="","",$B$16) | AJ3: =IF($B$16="","",$B$16) | AK3: =IF($B$16="","",$B$16) | ... AO3: =IF($B$16="","",$B$16)
B4: =IF(Inputs!B13="","",Inputs!B13) | D4: =IF($B$8="",IF('UV calibration and raw data'!O56="",IF(Inputs!Q34="","",Inputs!Q34),'UV calibration and raw data'!O56),Results!$B$8) | E4: =IF($B$8="",IF('UV calibration and raw data'!P56="",IF(Inputs!R34="","",Inputs!R34),'UV calibration and raw data'!P56),Results!$B$8) | F4: =IF($B$8="",IF('UV calibration and raw data'!Q56="",IF(Inputs!S34="","",Inputs!S34),'UV calibration and raw data'!Q56),Results!$B$8) | G4: =IF($B$8="",IF('UV calibration and raw data'!R56="",IF(Inputs!T34="","",Inputs!T34),'UV calibration and raw data'!R56),Results!$B$8) | H4: =IF($B$8="",IF('UV calibration and raw data'!S56="",IF(Inputs!U34="","",Inputs!U34),'UV calibration and raw data'!S56),Results!$B$8) | I4: =IF($B$8="",IF('UV calibration and raw data'!T56="",IF(Inputs!V34="","",Inputs!V34),'UV calibration and raw data'!T56),Results!$B$8) | J4: =IF($B$8="",IF('UV calibration and raw data'!U56="",IF(Inputs!W34="","",Inputs!W34),'UV calibration and raw data'!U56),Results!$B$8) | K4: =IF($B$8="",IF('UV calibration and raw data'!V56="",IF(Inputs!X34="","",Inputs!X34),'UV calibration and raw data'!V56),Results!$B$8) | ... O4: =IF($B$8="",IF('UV calibration and raw data'!Z56="",IF(Inputs!AB34="","",Inputs!AB34),'UV calibration and raw data'!Z56),Results!$B$8) | Q4: =IF($B$12="","",$B$12) | R4: =IF($B$12="","",$B$12) | S4: =IF($B$12="","",$B$12) | T4: =IF($B$12="","",$B$12) | U4: =IF($B$12="","",$B$12) | V4: =IF($B$12="","",$B$12) | W4: =IF($B$12="","",$B$12) | X4: =IF($B$12="","",$B$12) | ... AB4: =IF($B$12="","",$B$12) | AD4: =IF($B$16="","",$B$16) | AE4: =IF($B$16="","",$B$16) | AF4: =IF($B$16="","",$B$16) | AG4: =IF($B$16="","",$B$16) | AH4: =IF($B$16="","",$B$16) | AI4: =IF($B$16="","",$B$16) | AJ4: =IF($B$16="","",$B$16) | AK4: =IF($B$16="","",$B$16) | ... AO4: =IF($B$16="","",$B$16)
A5: Load vol (µL): | B5: =IF(Inputs!B14="","",Inputs!B14) | D5: =IF($B$8="",IF('UV calibration and raw data'!O57="",IF(Inputs!Q35="","",Inputs!Q35),'UV calibration and raw data'!O57),Results!$B$8) | E5: =IF($B$8="",IF('UV calibration and raw data'!P57="",IF(Inputs!R35="","",Inputs!R35),'UV calibration and raw data'!P57),Results!$B$8) | F5: =IF($B$8="",IF('UV calibration and raw data'!Q57="",IF(Inputs!S35="","",Inputs!S35),'UV calibration and raw data'!Q57),Results!$B$8) | G5: =IF($B$8="",IF('UV calibration and raw data'!R57="",IF(Inputs!T35="","",Inputs!T35),'UV calibration and raw data'!R57),Results!$B$8) | H5: =IF($B$8="",IF('UV calibration and raw data'!S57="",IF(Inputs!U35="","",Inputs!U35),'UV calibration and raw data'!S57),Results!$B$8) | I5: =IF($B$8="",IF('UV calibration and raw data'!T57="",IF(Inputs!V35="","",Inputs!V35),'UV calibration and raw data'!T57),Results!$B$8) | J5: =IF($B$8="",IF('UV calibration and raw data'!U57="",IF(Inputs!W35="","",Inputs!W35),'UV calibration and raw data'!U57),Results!$B$8) | K5: =IF($B$8="",IF('UV calibration and raw data'!V57="",IF(Inputs!X35="","",Inputs!X35),'UV calibration and raw data'!V57),Results!$B$8) | ... O5: =IF($B$8="",IF('UV calibration and raw data'!Z57="",IF(Inputs!AB35="","",Inputs!AB35),'UV calibration and raw data'!Z57),Results!$B$8) | Q5: =IF($B$12="","",$B$12) | R5: =IF($B$12="","",$B$12) | S5: =IF($B$12="","",$B$12) | T5: =IF($B$12="","",$B$12) | U5: =IF($B$12="","",$B$12) | V5: =IF($B$12="","",$B$12) | W5: =IF($B$12="","",$B$12) | X5: =IF($B$12="","",$B$12) | ... AB5: =IF($B$12="","",$B$12) | AD5: =IF($B$16="","",$B$16) | AE5: =IF($B$16="","",$B$16) | AF5: =IF($B$16="","",$B$16) | AG5: =IF($B$16="","",$B$16) | AH5: =IF($B$16="","",$B$16) | AI5: =IF($B$16="","",$B$16) | AJ5: =IF($B$16="","",$B$16) | AK5: =IF($B$16="","",$B$16) | ... AO5: =IF($B$16="","",$B$16)
D6: =IF($B$8="",IF('UV calibration and raw data'!O58="",IF(Inputs!Q36="","",Inputs!Q36),'UV calibration and raw data'!O58),Results!$B$8) | E6: =IF($B$8="",IF('UV calibration and raw data'!P58="",IF(Inputs!R36="","",Inputs!R36),'UV calibration and raw data'!P58),Results!$B$8) | F6: =IF($B$8="",IF('UV calibration and raw data'!Q58="",IF(Inputs!S36="","",Inputs!S36),'UV calibration and raw data'!Q58),Results!$B$8) | G6: =IF($B$8="",IF('UV calibration and raw data'!R58="",IF(Inputs!T36="","",Inputs!T36),'UV calibration and raw data'!R58),Results!$B$8) | H6: =IF($B$8="",IF('UV calibration and raw data'!S58="",IF(Inputs!U36="","",Inputs!U36),'UV calibration and raw data'!S58),Results!$B$8) | I6: =IF($B$8="",IF('UV calibration and raw data'!T58="",IF(Inputs!V36="","",Inputs!V36),'UV calibration and raw data'!T58),Results!$B$8) | J6: =IF($B$8="",IF('UV calibration and raw data'!U58="",IF(Inputs!W36="","",Inputs!W36),'UV calibration and raw data'!U58),Results!$B$8) | K6: =IF($B$8="",IF('UV calibration and raw data'!V58="",IF(Inputs!X36="","",Inputs!X36),'UV calibration and raw data'!V58),Results!$B$8) | ... O6: =IF($B$8="",IF('UV calibration and raw data'!Z58="",IF(Inputs!AB36="","",Inputs!AB36),'UV calibration and raw data'!Z58),Results!$B$8) | Q6: =IF($B$12="","",$B$12) | R6: =IF($B$12="","",$B$12) | S6: =IF($B$12="","",$B$12) | T6: =IF($B$12="","",$B$12) | U6: =IF($B$12="","",$B$12) | V6: =IF($B$12="","",$B$12) | W6: =IF($B$12="","",$B$12) | X6: =IF($B$12="","",$B$12) | ... AB6: =IF($B$12="","",$B$12) | AD6: =IF($B$16="","",$B$16) | AE6: =IF($B$16="","",$B$16) | AF6: =IF($B$16="","",$B$16) | AG6: =IF($B$16="","",$B$16) | AH6: =IF($B$16="","",$B$16) | AI6: =IF($B$16="","",$B$16) | AJ6: =IF($B$16="","",$B$16) | AK6: =IF($B$16="","",$B$16) | ... AO6: =IF($B$16="","",$B$16)
A7: Load concentrations: | D7: =IF($B$8="",IF('UV calibration and raw data'!O59="",IF(Inputs!Q37="","",Inputs!Q37),'UV calibration and raw data'!O59),Results!$B$8) | E7: =IF($B$8="",IF('UV calibration and raw data'!P59="",IF(Inputs!R37="","",Inputs!R37),'UV calibration and raw data'!P59),Results!$B$8) | F7: =IF($B$8="",IF('UV calibration and raw data'!Q59="",IF(Inputs!S37="","",Inputs!S37),'UV calibration and raw data'!Q59),Results!$B$8) | G7: =IF($B$8="",IF('UV calibration and raw data'!R59="",IF(Inputs!T37="","",Inputs!T37),'UV calibration and raw data'!R59),Results!$B$8) | H7: =IF($B$8="",IF('UV calibration and raw data'!S59="",IF(Inputs!U37="","",Inputs!U37),'UV calibration and raw data'!S59),Results!$B$8) | I7: =IF($B$8="",IF('UV calibration and raw data'!T59="",IF(Inputs!V37="","",Inputs!V37),'UV calibration and raw data'!T59),Results!$B$8) | J7: =IF($B$8="",IF('UV calibration and raw data'!U59="",IF(Inputs!W37="","",Inputs!W37),'UV calibration and raw data'!U59),Results!$B$8) | K7: =IF($B$8="",IF('UV calibration and raw data'!V59="",IF(Inputs!X37="","",Inputs!X37),'UV calibration and raw data'!V59),Results!$B$8) | ... O7: =IF($B$8="",IF('UV calibration and raw data'!Z59="",IF(Inputs!AB37="","",Inputs!AB37),'UV calibration and raw data'!Z59),Results!$B$8) | Q7: =IF($B$12="","",$B$12) | R7: =IF($B$12="","",$B$12) | S7: =IF($B$12="","",$B$12) | T7: =IF($B$12="","",$B$12) | U7: =IF($B$12="","",$B$12) | V7: =IF($B$12="","",$B$12) | W7: =IF($B$12="","",$B$12) | X7: =IF($B$12="","",$B$12) | ... AB7: =IF($B$12="","",$B$12) | AD7: =IF($B$16="","",$B$16) | AE7: =IF($B$16="","",$B$16) | AF7: =IF($B$16="","",$B$16) | AG7: =IF($B$16="","",$B$16) | AH7: =IF($B$16="","",$B$16) | AI7: =IF($B$16="","",$B$16) | AJ7: =IF($B$16="","",$B$16) | AK7: =IF($B$16="","",$B$16) | ... AO7: =IF($B$16="","",$B$16)
A8: Target protein (g/L): | B8: =IF(Inputs!B15="","",Inputs!B15) | D8: =IF($B$8="",IF('UV calibration and raw data'!O60="",IF(Inputs!Q38="","",Inputs!Q38),'UV calibration and raw data'!O60),Results!$B$8) | E8: =IF($B$8="",IF('UV calibration and raw data'!P60="",IF(Inputs!R38="","",Inputs!R38),'UV calibration and raw data'!P60),Results!$B$8) | F8: =IF($B$8="",IF('UV calibration and raw data'!Q60="",IF(Inputs!S38="","",Inputs!S38),'UV calibration and raw data'!Q60),Results!$B$8) | G8: =IF($B$8="",IF('UV calibration and raw data'!R60="",IF(Inputs!T38="","",Inputs!T38),'UV calibration and raw data'!R60),Results!$B$8) | H8: =IF($B$8="",IF('UV calibration and raw data'!S60="",IF(Inputs!U38="","",Inputs!U38),'UV calibration and raw data'!S60),Results!$B$8) | I8: =IF($B$8="",IF('UV calibration and raw data'!T60="",IF(Inputs!V38="","",Inputs!V38),'UV calibration and raw data'!T60),Results!$B$8) | J8: =IF($B$8="",IF('UV calibration and raw data'!U60="",IF(Inputs!W38="","",Inputs!W38),'UV calibration and raw data'!U60),Results!$B$8) | K8: =IF($B$8="",IF('UV calibration and raw data'!V60="",IF(Inputs!X38="","",Inputs!X38),'UV calibration and raw data'!V60),Results!$B$8) | ... O8: =IF($B$8="",IF('UV calibration and raw data'!Z60="",IF(Inputs!AB38="","",Inputs!AB38),'UV calibration and raw data'!Z60),Results!$B$8) | Q8: =IF($B$12="","",$B$12) | R8: =IF($B$12="","",$B$12) | S8: =IF($B$12="","",$B$12) | T8: =IF($B$12="","",$B$12) | U8: =IF($B$12="","",$B$12) | V8: =IF($B$12="","",$B$12) | W8: =IF($B$12="","",$B$12) | X8: =IF($B$12="","",$B$12) | ... AB8: =IF($B$12="","",$B$12) | AD8: =IF($B$16="","",$B$16) | AE8: =IF($B$16="","",$B$16) | AF8: =IF($B$16="","",$B$16) | AG8: =IF($B$16="","",$B$16) | AH8: =IF($B$16="","",$B$16) | AI8: =IF($B$16="","",$B$16) | AJ8: =IF($B$16="","",$B$16) | AK8: =IF($B$16="","",$B$16) | ... AO8: =IF($B$16="","",$B$16)
D9: =IF($B$8="",IF('UV calibration and raw data'!O61="",IF(Inputs!Q39="","",Inputs!Q39),'UV calibration and raw data'!O61),Results!$B$8) | E9: =IF($B$8="",IF('UV calibration and raw data'!P61="",IF(Inputs!R39="","",Inputs!R39),'UV calibration and raw data'!P61),Results!$B$8) | F9: =IF($B$8="",IF('UV calibration and raw data'!Q61="",IF(Inputs!S39="","",Inputs!S39),'UV calibration and raw data'!Q61),Results!$B$8) | G9: =IF($B$8="",IF('UV calibration and raw data'!R61="",IF(Inputs!T39="","",Inputs!T39),'UV calibration and raw data'!R61),Results!$B$8) | H9: =IF($B$8="",IF('UV calibration and raw data'!S61="",IF(Inputs!U39="","",Inputs!U39),'UV calibration and raw data'!S61),Results!$B$8) | I9: =IF($B$8="",IF('UV calibration and raw data'!T61="",IF(Inputs!V39="","",Inputs!V39),'UV calibration and raw data'!T61),Results!$B$8) | J9: =IF($B$8="",IF('UV calibration and raw data'!U61="",IF(Inputs!W39="","",Inputs!W39),'UV calibration and raw data'!U61),Results!$B$8) | K9: =IF($B$8="",IF('UV calibration and raw data'!V61="",IF(Inputs!X39="","",Inputs!X39),'UV calibration and raw data'!V61),Results!$B$8) | ... O9: =IF($B$8="",IF('UV calibration and raw data'!Z61="",IF(Inputs!AB39="","",Inputs!AB39),'UV calibration and raw data'!Z61),Results!$B$8) | Q9: =IF($B$12="","",$B$12) | R9: =IF($B$12="","",$B$12) | S9: =IF($B$12="","",$B$12) | T9: =IF($B$12="","",$B$12) | U9: =IF($B$12="","",$B$12) | V9: =IF($B$12="","",$B$12) | W9: =IF($B$12="","",$B$12) | X9: =IF($B$12="","",$B$12) | ... AB9: =IF($B$12="","",$B$12) | AD9: =IF($B$16="","",$B$16) | AE9: =IF($B$16="","",$B$16) | AF9: =IF($B$16="","",$B$16) | AG9: =IF($B$16="","",$B$16) | AH9: =IF($B$16="","",$B$16) | AI9: =IF($B$16="","",$B$16) | AJ9: =IF($B$16="","",$B$16) | AK9: =IF($B$16="","",$B$16) | ... AO9: =IF($B$16="","",$B$16)
A10: Impurity 1 name: | D10: =IF($B$8="",IF('UV calibration and raw data'!O62="",IF(Inputs!Q40="","",Inputs!Q40),'UV calibration and raw data'!O62),Results!$B$8) | E10: =IF($B$8="",IF('UV calibration and raw data'!P62="",IF(Inputs!R40="","",Inputs!R40),'UV calibration and raw data'!P62),Results!$B$8) | F10: =IF($B$8="",IF('UV calibration and raw data'!Q62="",IF(Inputs!S40="","",Inputs!S40),'UV calibration and raw data'!Q62),Results!$B$8) | G10: =IF($B$8="",IF('UV calibration and raw data'!R62="",IF(Inputs!T40="","",Inputs!T40),'UV calibration and raw data'!R62),Results!$B$8) | H10: =IF($B$8="",IF('UV calibration and raw data'!S62="",IF(Inputs!U40="","",Inputs!U40),'UV calibration and raw data'!S62),Results!$B$8) | I10: =IF($B$8="",IF('UV calibration and raw data'!T62="",IF(Inputs!V40="","",Inputs!V40),'UV calibration and raw data'!T62),Results!$B$8) | J10: =IF($B$8="",IF('UV calibration and raw data'!U62="",IF(Inputs!W40="","",Inputs!W40),'UV calibration and raw data'!U62),Results!$B$8) | K10: =IF($B$8="",IF('UV calibration and raw data'!V62="",IF(Inputs!X40="","",Inputs!X40),'UV calibration and raw data'!V62),Results!$B$8) | ... O10: =IF($B$8="",IF('UV calibration and raw data'!Z62="",IF(Inputs!AB40="","",Inputs!AB40),'UV calibration and raw data'!Z62),Results!$B$8) | Q10: =IF($B$12="","",$B$12) | R10: =IF($B$12="","",$B$12) | S10: =IF($B$12="","",$B$12) | T10: =IF($B$12="","",$B$12) | U10: =IF($B$12="","",$B$12) | V10: =IF($B$12="","",$B$12) | W10: =IF($B$12="","",$B$12) | X10: =IF($B$12="","",$B$12) | ... AB10: =IF($B$12="","",$B$12) | AD10: =IF($B$16="","",$B$16) | AE10: =IF($B$16="","",$B$16) | AF10: =IF($B$16="","",$B$16) | AG10: =IF($B$16="","",$B$16) | AH10: =IF($B$16="","",$B$16) | AI10: =IF($B$16="","",$B$16) | AJ10: =IF($B$16="","",$B$16) | AK10: =IF($B$16="","",$B$16) | ... AO10: =IF($B$16="","",$B$16)
A11: Impurity 1 units:
A12: Impurity 1 conc, C0: | D12: C | F12: Value <>0 | Q12: C | S12: Value <>0 | AD12: C | AF12: Value <>0
D13: =IF('UV calibration and raw data'!B55="","",'UV calibration and raw data'!B55) | E13: =IF('UV calibration and raw data'!C55="","",'UV calibration and raw data'!C55) | F13: =IF('UV calibration and raw data'!D55="","",'UV calibration and raw data'!D55) | G13: =IF('UV calibration and raw data'!E55="","",'UV calibration and raw data'!E55) | H13: =IF('UV calibration and raw data'!F55="","",'UV calibration and raw data'!F55) | I13: =IF('UV calibration and raw data'!G55="","",'UV calibration and raw data'!G55) | J13: =IF('UV calibration and raw data'!H55="","",'UV calibration and raw data'!H55) | K13: =IF('UV calibration and raw data'!I55="","",'UV calibration and raw data'!I55) | ... O13: =IF('UV calibration and raw data'!M55="","",'UV calibration and raw data'!M55)
A14: Impurity 2 name: | D14: =IF('UV calibration and raw data'!B56="","",'UV calibration and raw data'!B56) | E14: =IF('UV calibration and raw data'!C56="","",'UV calibration and raw data'!C56) | F14: =IF('UV calibration and raw data'!D56="","",'UV calibration and raw data'!D56) | G14: =IF('UV calibration and raw data'!E56="","",'UV calibration and raw data'!E56) | H14: =IF('UV calibration and raw data'!F56="","",'UV calibration and raw data'!F56) | I14: =IF('UV calibration and raw data'!G56="","",'UV calibration and raw data'!G56) | J14: =IF('UV calibration and raw data'!H56="","",'UV calibration and raw data'!H56) | K14: =IF('UV calibration and raw data'!I56="","",'UV calibration and raw data'!I56) | ... O14: =IF('UV calibration and raw data'!M56="","",'UV calibration and raw data'!M56)
A15: Impurity 2 units: | D15: =IF('UV calibration and raw data'!B57="","",'UV calibration and raw data'!B57) | E15: =IF('UV calibration and raw data'!C57="","",'UV calibration and raw data'!C57) | F15: =IF('UV calibration and raw data'!D57="","",'UV calibration and raw data'!D57) | G15: =IF('UV calibration and raw data'!E57="","",'UV calibration and raw data'!E57) | H15: =IF('UV calibration and raw data'!F57="","",'UV calibration and raw data'!F57) | I15: =IF('UV calibration and raw data'!G57="","",'UV calibration and raw data'!G57) | J15: =IF('UV calibration and raw data'!H57="","",'UV calibration and raw data'!H57) | K15: =IF('UV calibration and raw data'!I57="","",'UV calibration and raw data'!I57) | ... O15: =IF('UV calibration and raw data'!M57="","",'UV calibration and raw data'!M57)
A16: Impurity 2 conc, C0: | D16: =IF('UV calibration and raw data'!B58="","",'UV calibration and raw data'!B58) | E16: =IF('UV calibration and raw data'!C58="","",'UV calibration and raw data'!C58) | F16: =IF('UV calibration and raw data'!D58="","",'UV calibration and raw data'!D58) | G16: =IF('UV calibration and raw data'!E58="","",'UV calibration and raw data'!E58) | H16: =IF('UV calibration and raw data'!F58="","",'UV calibration and raw data'!F58) | I16: =IF('UV calibration and raw data'!G58="","",'UV calibration and raw data'!G58) | J16: =IF('UV calibration and raw data'!H58="","",'UV calibration and raw data'!H58) | K16: =IF('UV calibration and raw data'!I58="","",'UV calibration and raw data'!I58) | ... O16: =IF('UV calibration and raw data'!M58="","",'UV calibration and raw data'!M58)
D17: =IF('UV calibration and raw data'!B59="","",'UV calibration and raw data'!B59) | E17: =IF('UV calibration and raw data'!C59="","",'UV calibration and raw data'!C59) | F17: =IF('UV calibration and raw data'!D59="","",'UV calibration and raw data'!D59) | G17: =IF('UV calibration and raw data'!E59="","",'UV calibration and raw data'!E59) | H17: =IF('UV calibration and raw data'!F59="","",'UV calibration and raw data'!F59) | I17: =IF('UV calibration and raw data'!G59="","",'UV calibration and raw data'!G59) | J17: =IF('UV calibration and raw data'!H59="","",'UV calibration and raw data'!H59) | K17: =IF('UV calibration and raw data'!I59="","",'UV calibration and raw data'!I59) | ... O17: =IF('UV calibration and raw data'!M59="","",'UV calibration and raw data'!M59)
D18: =IF('UV calibration and raw data'!B60="","",'UV calibration and raw data'!B60) | E18: =IF('UV calibration and raw data'!C60="","",'UV calibration and raw data'!C60) | F18: =IF('UV calibration and raw data'!D60="","",'UV calibration and raw data'!D60) | G18: =IF('UV calibration and raw data'!E60="","",'UV calibration and raw data'!E60) | H18: =IF('UV calibration and raw data'!F60="","",'UV calibration and raw data'!F60) | I18: =IF('UV calibration and raw data'!G60="","",'UV calibration and raw data'!G60) | J18: =IF('UV calibration and raw data'!H60="","",'UV calibration and raw data'!H60) | K18: =IF('UV calibration and raw data'!I60="","",'UV calibration and raw data'!I60) | ... O18: =IF('UV calibration and raw data'!M60="","",'UV calibration and raw data'!M60)
D19: =IF('UV calibration and raw data'!B61="","",'UV calibration and raw data'!B61) | E19: =IF('UV calibration and raw data'!C61="","",'UV calibration and raw data'!C61) | F19: =IF('UV calibration and raw data'!D61="","",'UV calibration and raw data'!D61) | G19: =IF('UV calibration and raw data'!E61="","",'UV calibration and raw data'!E61) | H19: =IF('UV calibration and raw data'!F61="","",'UV calibration and raw data'!F61) | I19: =IF('UV calibration and raw data'!G61="","",'UV calibration and raw data'!G61) | J19: =IF('UV calibration and raw data'!H61="","",'UV calibration and raw data'!H61) | K19: =IF('UV calibration and raw data'!I61="","",'UV calibration and raw data'!I61) | ... O19: =IF('UV calibration and raw data'!M61="","",'UV calibration and raw data'!M61)
D20: =IF('UV calibration and raw data'!B62="","",'UV calibration and raw data'!B62) | E20: =IF('UV calibration and raw data'!C62="","",'UV calibration and raw data'!C62) | F20: =IF('UV calibration and raw data'!D62="","",'UV calibration and raw data'!D62) | G20: =IF('UV calibration and raw data'!E62="","",'UV calibration and raw data'!E62) | H20: =IF('UV calibration and raw data'!F62="","",'UV calibration and raw data'!F62) | I20: =IF('UV calibration and raw data'!G62="","",'UV calibration and raw data'!G62) | J20: =IF('UV calibration and raw data'!H62="","",'UV calibration and raw data'!H62) | K20: =IF('UV calibration and raw data'!I62="","",'UV calibration and raw data'!I62) | ... O20: =IF('UV calibration and raw data'!M62="","",'UV calibration and raw data'!M62)
D22: q | F22: q = (C0-C)Vliq/Vres | Q22: q | S22: q = (C0-C)Vliq/Vres | AD22: q | AF22: q = (C0-C)Vliq/Vres
D23: =IF(D3="","",IF(D13="","",IF('UV calibration and raw data'!AO55="",Inputs!Q23*(Results!D3-Results!D13)/Inputs!Q13,(Inputs!Q23*Results!D3-'UV calibration and raw data'!AO55*Results!D13)/Inputs!Q13))) | E23: =IF(E3="","",IF(E13="","",IF('UV calibration and raw data'!AP55="",Inputs!R23*(Results!E3-Results!E13)/Inputs!R13,(Inputs!R23*Results!E3-'UV calibration and raw data'!AP55*Results!E13)/Inputs!R13))) | F23: =IF(F3="","",IF(F13="","",IF('UV calibration and raw data'!AQ55="",Inputs!S23*(Results!F3-Results!F13)/Inputs!S13,(Inputs!S23*Results!F3-'UV calibration and raw data'!AQ55*Results!F13)/Inputs!S13))) | G23: =IF(G3="","",IF(G13="","",IF('UV calibration and raw data'!AR55="",Inputs!T23*(Results!G3-Results!G13)/Inputs!T13,(Inputs!T23*Results!G3-'UV calibration and raw data'!AR55*Results!G13)/Inputs!T13))) | H23: =IF(H3="","",IF(H13="","",IF('UV calibration and raw data'!AS55="",Inputs!U23*(Results!H3-Results!H13)/Inputs!U13,(Inputs!U23*Results!H3-'UV calibration and raw data'!AS55*Results!H13)/Inputs!U13))) | I23: =IF(I3="","",IF(I13="","",IF('UV calibration and raw data'!AT55="",Inputs!V23*(Results!I3-Results!I13)/Inputs!V13,(Inputs!V23*Results!I3-'UV calibration and raw data'!AT55*Results!I13)/Inputs!V13))) | J23: =IF(J3="","",IF(J13="","",IF('UV calibration and raw data'!AU55="",Inputs!W23*(Results!J3-Results!J13)/Inputs!W13,(Inputs!W23*Results!J3-'UV calibration and raw data'!AU55*Results!J13)/Inputs!W13))) | K23: =IF(K3="","",IF(K13="","",IF('UV calibration and raw data'!AV55="",Inputs!X23*(Results!K3-Results!K13)/Inputs!X13,(Inputs!X23*Results!K3-'UV calibration and raw data'!AV55*Results!K13)/Inputs!X13))) | ... O23: =IF(O3="","",IF(O13="","",IF('UV calibration and raw data'!AZ55="",Inputs!AB23*(Results!O3-Results!O13)/Inputs!AB13,(Inputs!AB23*Results!O3-'UV calibration and raw data'!AZ55*Results!O13)/Inputs!AB13))) | Q23: =IF(Q3="","",IF(Q13="","",Inputs!Q23*(Results!Q3-Results!Q13)/Inputs!Q13)) | R23: =IF(R3="","",IF(R13="","",Inputs!R23*(Results!R3-Results!R13)/Inputs!R13)) | S23: =IF(S3="","",IF(S13="","",Inputs!S23*(Results!S3-Results!S13)/Inputs!S13)) | T23: =IF(T3="","",IF(T13="","",Inputs!T23*(Results!T3-Results!T13)/Inputs!T13)) | U23: =IF(U3="","",IF(U13="","",Inputs!U23*(Results!U3-Results!U13)/Inputs!U13)) | V23: =IF(V3="","",IF(V13="","",Inputs!V23*(Results!V3-Results!V13)/Inputs!V13)) | W23: =IF(W3="","",IF(W13="","",Inputs!W23*(Results!W3-Results!W13)/Inputs!W13)) | X23: =IF(X3="","",IF(X13="","",Inputs!X23*(Results!X3-Results!X13)/Inputs!X13)) | ... AB23: =IF(AB3="","",IF(AB13="","",Inputs!AB23*(Results!AB3-Results!AB13)/Inputs!AB13)) | AD23: =IF(AD3="","",IF(AD13="","",Inputs!Q23*(Results!AD3-Results!AD13)/Inputs!Q13)) | AE23: =IF(AE3="","",IF(AE13="","",Inputs!R23*(Results!AE3-Results!AE13)/Inputs!R13)) | AF23: =IF(AF3="","",IF(AF13="","",Inputs!S23*(Results!AF3-Results!AF13)/Inputs!S13)) | AG23: =IF(AG3="","",IF(AG13="","",Inputs!T23*(Results!AG3-Results!AG13)/Inputs!T13)) | AH23: =IF(AH3="","",IF(AH13="","",Inputs!U23*(Results!AH3-Results!AH13)/Inputs!U13)) | AI23: =IF(AI3="","",IF(AI13="","",Inputs!V23*(Results!AI3-Results!AI13)/Inputs!V13)) | AJ23: =IF(AJ3="","",IF(AJ13="","",Inputs!W23*(Results!AJ3-Results!AJ13)/Inputs!W13)) | AK23: =IF(AK3="","",IF(AK13="","",Inputs!X23*(Results!AK3-Results!AK13)/Inputs!X13)) | ... AO23: =IF(AO3="","",IF(AO13="","",Inputs!AB23*(Results!AO3-Results!AO13)/Inputs!AB13))
D24: =IF(D4="","",IF(D14="","",IF('UV calibration and raw data'!AO56="",Inputs!Q24*(Results!D4-Results!D14)/Inputs!Q14,(Inputs!Q24*Results!D4-'UV calibration and raw data'!AO56*Results!D14)/Inputs!Q14))) | E24: =IF(E4="","",IF(E14="","",IF('UV calibration and raw data'!AP56="",Inputs!R24*(Results!E4-Results!E14)/Inputs!R14,(Inputs!R24*Results!E4-'UV calibration and raw data'!AP56*Results!E14)/Inputs!R14))) | F24: =IF(F4="","",IF(F14="","",IF('UV calibration and raw data'!AQ56="",Inputs!S24*(Results!F4-Results!F14)/Inputs!S14,(Inputs!S24*Results!F4-'UV calibration and raw data'!AQ56*Results!F14)/Inputs!S14))) | G24: =IF(G4="","",IF(G14="","",IF('UV calibration and raw data'!AR56="",Inputs!T24*(Results!G4-Results!G14)/Inputs!T14,(Inputs!T24*Results!G4-'UV calibration and raw data'!AR56*Results!G14)/Inputs!T14))) | H24: =IF(H4="","",IF(H14="","",IF('UV calibration and raw data'!AS56="",Inputs!U24*(Results!H4-Results!H14)/Inputs!U14,(Inputs!U24*Results!H4-'UV calibration and raw data'!AS56*Results!H14)/Inputs!U14))) | I24: =IF(I4="","",IF(I14="","",IF('UV calibration and raw data'!AT56="",Inputs!V24*(Results!I4-Results!I14)/Inputs!V14,(Inputs!V24*Results!I4-'UV calibration and raw data'!AT56*Results!I14)/Inputs!V14))) | J24: =IF(J4="","",IF(J14="","",IF('UV calibration and raw data'!AU56="",Inputs!W24*(Results!J4-Results!J14)/Inputs!W14,(Inputs!W24*Results!J4-'UV calibration and raw data'!AU56*Results!J14)/Inputs!W14))) | K24: =IF(K4="","",IF(K14="","",IF('UV calibration and raw data'!AV56="",Inputs!X24*(Results!K4-Results!K14)/Inputs!X14,(Inputs!X24*Results!K4-'UV calibration and raw data'!AV56*Results!K14)/Inputs!X14))) | ... O24: =IF(O4="","",IF(O14="","",IF('UV calibration and raw data'!AZ56="",Inputs!AB24*(Results!O4-Results!O14)/Inputs!AB14,(Inputs!AB24*Results!O4-'UV calibration and raw data'!AZ56*Results!O14)/Inputs!AB14))) | Q24: =IF(Q4="","",IF(Q14="","",Inputs!Q24*(Results!Q4-Results!Q14)/Inputs!Q14)) | R24: =IF(R4="","",IF(R14="","",Inputs!R24*(Results!R4-Results!R14)/Inputs!R14)) | S24: =IF(S4="","",IF(S14="","",Inputs!S24*(Results!S4-Results!S14)/Inputs!S14)) | T24: =IF(T4="","",IF(T14="","",Inputs!T24*(Results!T4-Results!T14)/Inputs!T14)) | U24: =IF(U4="","",IF(U14="","",Inputs!U24*(Results!U4-Results!U14)/Inputs!U14)) | V24: =IF(V4="","",IF(V14="","",Inputs!V24*(Results!V4-Results!V14)/Inputs!V14)) | W24: =IF(W4="","",IF(W14="","",Inputs!W24*(Results!W4-Results!W14)/Inputs!W14)) | X24: =IF(X4="","",IF(X14="","",Inputs!X24*(Results!X4-Results!X14)/Inputs!X14)) | ... AB24: =IF(AB4="","",IF(AB14="","",Inputs!AB24*(Results!AB4-Results!AB14)/Inputs!AB14)) | AD24: =IF(AD4="","",IF(AD14="","",Inputs!Q24*(Results!AD4-Results!AD14)/Inputs!Q14)) | AE24: =IF(AE4="","",IF(AE14="","",Inputs!R24*(Results!AE4-Results!AE14)/Inputs!R14)) | AF24: =IF(AF4="","",IF(AF14="","",Inputs!S24*(Results!AF4-Results!AF14)/Inputs!S14)) | AG24: =IF(AG4="","",IF(AG14="","",Inputs!T24*(Results!AG4-Results!AG14)/Inputs!T14)) | AH24: =IF(AH4="","",IF(AH14="","",Inputs!U24*(Results!AH4-Results!AH14)/Inputs!U14)) | AI24: =IF(AI4="","",IF(AI14="","",Inputs!V24*(Results!AI4-Results!AI14)/Inputs!V14)) | AJ24: =IF(AJ4="","",IF(AJ14="","",Inputs!W24*(Results!AJ4-Results!AJ14)/Inputs!W14)) | AK24: =IF(AK4="","",IF(AK14="","",Inputs!X24*(Results!AK4-Results!AK14)/Inputs!X14)) | ... AO24: =IF(AO4="","",IF(AO14="","",Inputs!AB24*(Results!AO4-Results!AO14)/Inputs!AB14))
D25: =IF(D5="","",IF(D15="","",IF('UV calibration and raw data'!AO57="",Inputs!Q25*(Results!D5-Results!D15)/Inputs!Q15,(Inputs!Q25*Results!D5-'UV calibration and raw data'!AO57*Results!D15)/Inputs!Q15))) | E25: =IF(E5="","",IF(E15="","",IF('UV calibration and raw data'!AP57="",Inputs!R25*(Results!E5-Results!E15)/Inputs!R15,(Inputs!R25*Results!E5-'UV calibration and raw data'!AP57*Results!E15)/Inputs!R15))) | F25: =IF(F5="","",IF(F15="","",IF('UV calibration and raw data'!AQ57="",Inputs!S25*(Results!F5-Results!F15)/Inputs!S15,(Inputs!S25*Results!F5-'UV calibration and raw data'!AQ57*Results!F15)/Inputs!S15))) | G25: =IF(G5="","",IF(G15="","",IF('UV calibration and raw data'!AR57="",Inputs!T25*(Results!G5-Results!G15)/Inputs!T15,(Inputs!T25*Results!G5-'UV calibration and raw data'!AR57*Results!G15)/Inputs!T15))) | H25: =IF(H5="","",IF(H15="","",IF('UV calibration and raw data'!AS57="",Inputs!U25*(Results!H5-Results!H15)/Inputs!U15,(Inputs!U25*Results!H5-'UV calibration and raw data'!AS57*Results!H15)/Inputs!U15))) | I25: =IF(I5="","",IF(I15="","",IF('UV calibration and raw data'!AT57="",Inputs!V25*(Results!I5-Results!I15)/Inputs!V15,(Inputs!V25*Results!I5-'UV calibration and raw data'!AT57*Results!I15)/Inputs!V15))) | J25: =IF(J5="","",IF(J15="","",IF('UV calibration and raw data'!AU57="",Inputs!W25*(Results!J5-Results!J15)/Inputs!W15,(Inputs!W25*Results!J5-'UV calibration and raw data'!AU57*Results!J15)/Inputs!W15))) | K25: =IF(K5="","",IF(K15="","",IF('UV calibration and raw data'!AV57="",Inputs!X25*(Results!K5-Results!K15)/Inputs!X15,(Inputs!X25*Results!K5-'UV calibration and raw data'!AV57*Results!K15)/Inputs!X15))) | ... O25: =IF(O5="","",IF(O15="","",IF('UV calibration and raw data'!AZ57="",Inputs!AB25*(Results!O5-Results!O15)/Inputs!AB15,(Inputs!AB25*Results!O5-'UV calibration and raw data'!AZ57*Results!O15)/Inputs!AB15))) | Q25: =IF(Q5="","",IF(Q15="","",Inputs!Q25*(Results!Q5-Results!Q15)/Inputs!Q15)) | R25: =IF(R5="","",IF(R15="","",Inputs!R25*(Results!R5-Results!R15)/Inputs!R15)) | S25: =IF(S5="","",IF(S15="","",Inputs!S25*(Results!S5-Results!S15)/Inputs!S15)) | T25: =IF(T5="","",IF(T15="","",Inputs!T25*(Results!T5-Results!T15)/Inputs!T15)) | U25: =IF(U5="","",IF(U15="","",Inputs!U25*(Results!U5-Results!U15)/Inputs!U15)) | V25: =IF(V5="","",IF(V15="","",Inputs!V25*(Results!V5-Results!V15)/Inputs!V15)) | W25: =IF(W5="","",IF(W15="","",Inputs!W25*(Results!W5-Results!W15)/Inputs!W15)) | X25: =IF(X5="","",IF(X15="","",Inputs!X25*(Results!X5-Results!X15)/Inputs!X15)) | ... AB25: =IF(AB5="","",IF(AB15="","",Inputs!AB25*(Results!AB5-Results!AB15)/Inputs!AB15)) | AD25: =IF(AD5="","",IF(AD15="","",Inputs!Q25*(Results!AD5-Results!AD15)/Inputs!Q15)) | AE25: =IF(AE5="","",IF(AE15="","",Inputs!R25*(Results!AE5-Results!AE15)/Inputs!R15)) | AF25: =IF(AF5="","",IF(AF15="","",Inputs!S25*(Results!AF5-Results!AF15)/Inputs!S15)) | AG25: =IF(AG5="","",IF(AG15="","",Inputs!T25*(Results!AG5-Results!AG15)/Inputs!T15)) | AH25: =IF(AH5="","",IF(AH15="","",Inputs!U25*(Results!AH5-Results!AH15)/Inputs!U15)) | AI25: =IF(AI5="","",IF(AI15="","",Inputs!V25*(Results!AI5-Results!AI15)/Inputs!V15)) | AJ25: =IF(AJ5="","",IF(AJ15="","",Inputs!W25*(Results!AJ5-Results!AJ15)/Inputs!W15)) | AK25: =IF(AK5="","",IF(AK15="","",Inputs!X25*(Results!AK5-Results!AK15)/Inputs!X15)) | ... AO25: =IF(AO5="","",IF(AO15="","",Inputs!AB25*(Results!AO5-Results!AO15)/Inputs!AB15))
D26: =IF(D6="","",IF(D16="","",IF('UV calibration and raw data'!AO58="",Inputs!Q26*(Results!D6-Results!D16)/Inputs!Q16,(Inputs!Q26*Results!D6-'UV calibration and raw data'!AO58*Results!D16)/Inputs!Q16))) | E26: =IF(E6="","",IF(E16="","",IF('UV calibration and raw data'!AP58="",Inputs!R26*(Results!E6-Results!E16)/Inputs!R16,(Inputs!R26*Results!E6-'UV calibration and raw data'!AP58*Results!E16)/Inputs!R16))) | F26: =IF(F6="","",IF(F16="","",IF('UV calibration and raw data'!AQ58="",Inputs!S26*(Results!F6-Results!F16)/Inputs!S16,(Inputs!S26*Results!F6-'UV calibration and raw data'!AQ58*Results!F16)/Inputs!S16))) | G26: =IF(G6="","",IF(G16="","",IF('UV calibration and raw data'!AR58="",Inputs!T26*(Results!G6-Results!G16)/Inputs!T16,(Inputs!T26*Results!G6-'UV calibration and raw data'!AR58*Results!G16)/Inputs!T16))) | H26: =IF(H6="","",IF(H16="","",IF('UV calibration and raw data'!AS58="",Inputs!U26*(Results!H6-Results!H16)/Inputs!U16,(Inputs!U26*Results!H6-'UV calibration and raw data'!AS58*Results!H16)/Inputs!U16))) | I26: =IF(I6="","",IF(I16="","",IF('UV calibration and raw data'!AT58="",Inputs!V26*(Results!I6-Results!I16)/Inputs!V16,(Inputs!V26*Results!I6-'UV calibration and raw data'!AT58*Results!I16)/Inputs!V16))) | J26: =IF(J6="","",IF(J16="","",IF('UV calibration and raw data'!AU58="",Inputs!W26*(Results!J6-Results!J16)/Inputs!W16,(Inputs!W26*Results!J6-'UV calibration and raw data'!AU58*Results!J16)/Inputs!W16))) | K26: =IF(K6="","",IF(K16="","",IF('UV calibration and raw data'!AV58="",Inputs!X26*(Results!K6-Results!K16)/Inputs!X16,(Inputs!X26*Results!K6-'UV calibration and raw data'!AV58*Results!K16)/Inputs!X16))) | ... O26: =IF(O6="","",IF(O16="","",IF('UV calibration and raw data'!AZ58="",Inputs!AB26*(Results!O6-Results!O16)/Inputs!AB16,(Inputs!AB26*Results!O6-'UV calibration and raw data'!AZ58*Results!O16)/Inputs!AB16))) | Q26: =IF(Q6="","",IF(Q16="","",Inputs!Q26*(Results!Q6-Results!Q16)/Inputs!Q16)) | R26: =IF(R6="","",IF(R16="","",Inputs!R26*(Results!R6-Results!R16)/Inputs!R16)) | S26: =IF(S6="","",IF(S16="","",Inputs!S26*(Results!S6-Results!S16)/Inputs!S16)) | T26: =IF(T6="","",IF(T16="","",Inputs!T26*(Results!T6-Results!T16)/Inputs!T16)) | U26: =IF(U6="","",IF(U16="","",Inputs!U26*(Results!U6-Results!U16)/Inputs!U16)) | V26: =IF(V6="","",IF(V16="","",Inputs!V26*(Results!V6-Results!V16)/Inputs!V16)) | W26: =IF(W6="","",IF(W16="","",Inputs!W26*(Results!W6-Results!W16)/Inputs!W16)) | X26: =IF(X6="","",IF(X16="","",Inputs!X26*(Results!X6-Results!X16)/Inputs!X16)) | ... AB26: =IF(AB6="","",IF(AB16="","",Inputs!AB26*(Results!AB6-Results!AB16)/Inputs!AB16)) | AD26: =IF(AD6="","",IF(AD16="","",Inputs!Q26*(Results!AD6-Results!AD16)/Inputs!Q16)) | AE26: =IF(AE6="","",IF(AE16="","",Inputs!R26*(Results!AE6-Results!AE16)/Inputs!R16)) | AF26: =IF(AF6="","",IF(AF16="","",Inputs!S26*(Results!AF6-Results!AF16)/Inputs!S16)) | AG26: =IF(AG6="","",IF(AG16="","",Inputs!T26*(Results!AG6-Results!AG16)/Inputs!T16)) | AH26: =IF(AH6="","",IF(AH16="","",Inputs!U26*(Results!AH6-Results!AH16)/Inputs!U16)) | AI26: =IF(AI6="","",IF(AI16="","",Inputs!V26*(Results!AI6-Results!AI16)/Inputs!V16)) | AJ26: =IF(AJ6="","",IF(AJ16="","",Inputs!W26*(Results!AJ6-Results!AJ16)/Inputs!W16)) | AK26: =IF(AK6="","",IF(AK16="","",Inputs!X26*(Results!AK6-Results!AK16)/Inputs!X16)) | ... AO26: =IF(AO6="","",IF(AO16="","",Inputs!AB26*(Results!AO6-Results!AO16)/Inputs!AB16))
D27: =IF(D7="","",IF(D17="","",IF('UV calibration and raw data'!AO59="",Inputs!Q27*(Results!D7-Results!D17)/Inputs!Q17,(Inputs!Q27*Results!D7-'UV calibration and raw data'!AO59*Results!D17)/Inputs!Q17))) | E27: =IF(E7="","",IF(E17="","",IF('UV calibration and raw data'!AP59="",Inputs!R27*(Results!E7-Results!E17)/Inputs!R17,(Inputs!R27*Results!E7-'UV calibration and raw data'!AP59*Results!E17)/Inputs!R17))) | F27: =IF(F7="","",IF(F17="","",IF('UV calibration and raw data'!AQ59="",Inputs!S27*(Results!F7-Results!F17)/Inputs!S17,(Inputs!S27*Results!F7-'UV calibration and raw data'!AQ59*Results!F17)/Inputs!S17))) | G27: =IF(G7="","",IF(G17="","",IF('UV calibration and raw data'!AR59="",Inputs!T27*(Results!G7-Results!G17)/Inputs!T17,(Inputs!T27*Results!G7-'UV calibration and raw data'!AR59*Results!G17)/Inputs!T17))) | H27: =IF(H7="","",IF(H17="","",IF('UV calibration and raw data'!AS59="",Inputs!U27*(Results!H7-Results!H17)/Inputs!U17,(Inputs!U27*Results!H7-'UV calibration and raw data'!AS59*Results!H17)/Inputs!U17))) | I27: =IF(I7="","",IF(I17="","",IF('UV calibration and raw data'!AT59="",Inputs!V27*(Results!I7-Results!I17)/Inputs!V17,(Inputs!V27*Results!I7-'UV calibration and raw data'!AT59*Results!I17)/Inputs!V17))) | J27: =IF(J7="","",IF(J17="","",IF('UV calibration and raw data'!AU59="",Inputs!W27*(Results!J7-Results!J17)/Inputs!W17,(Inputs!W27*Results!J7-'UV calibration and raw data'!AU59*Results!J17)/Inputs!W17))) | K27: =IF(K7="","",IF(K17="","",IF('UV calibration and raw data'!AV59="",Inputs!X27*(Results!K7-Results!K17)/Inputs!X17,(Inputs!X27*Results!K7-'UV calibration and raw data'!AV59*Results!K17)/Inputs!X17))) | ... O27: =IF(O7="","",IF(O17="","",IF('UV calibration and raw data'!AZ59="",Inputs!AB27*(Results!O7-Results!O17)/Inputs!AB17,(Inputs!AB27*Results!O7-'UV calibration and raw data'!AZ59*Results!O17)/Inputs!AB17))) | Q27: =IF(Q7="","",IF(Q17="","",Inputs!Q27*(Results!Q7-Results!Q17)/Inputs!Q17)) | R27: =IF(R7="","",IF(R17="","",Inputs!R27*(Results!R7-Results!R17)/Inputs!R17)) | S27: =IF(S7="","",IF(S17="","",Inputs!S27*(Results!S7-Results!S17)/Inputs!S17)) | T27: =IF(T7="","",IF(T17="","",Inputs!T27*(Results!T7-Results!T17)/Inputs!T17)) | U27: =IF(U7="","",IF(U17="","",Inputs!U27*(Results!U7-Results!U17)/Inputs!U17)) | V27: =IF(V7="","",IF(V17="","",Inputs!V27*(Results!V7-Results!V17)/Inputs!V17)) | W27: =IF(W7="","",IF(W17="","",Inputs!W27*(Results!W7-Results!W17)/Inputs!W17)) | X27: =IF(X7="","",IF(X17="","",Inputs!X27*(Results!X7-Results!X17)/Inputs!X17)) | ... AB27: =IF(AB7="","",IF(AB17="","",Inputs!AB27*(Results!AB7-Results!AB17)/Inputs!AB17)) | AD27: =IF(AD7="","",IF(AD17="","",Inputs!Q27*(Results!AD7-Results!AD17)/Inputs!Q17)) | AE27: =IF(AE7="","",IF(AE17="","",Inputs!R27*(Results!AE7-Results!AE17)/Inputs!R17)) | AF27: =IF(AF7="","",IF(AF17="","",Inputs!S27*(Results!AF7-Results!AF17)/Inputs!S17)) | AG27: =IF(AG7="","",IF(AG17="","",Inputs!T27*(Results!AG7-Results!AG17)/Inputs!T17)) | AH27: =IF(AH7="","",IF(AH17="","",Inputs!U27*(Results!AH7-Results!AH17)/Inputs!U17)) | AI27: =IF(AI7="","",IF(AI17="","",Inputs!V27*(Results!AI7-Results!AI17)/Inputs!V17)) | AJ27: =IF(AJ7="","",IF(AJ17="","",Inputs!W27*(Results!AJ7-Results!AJ17)/Inputs!W17)) | AK27: =IF(AK7="","",IF(AK17="","",Inputs!X27*(Results!AK7-Results!AK17)/Inputs!X17)) | ... AO27: =IF(AO7="","",IF(AO17="","",Inputs!AB27*(Results!AO7-Results!AO17)/Inputs!AB17))
D28: =IF(D8="","",IF(D18="","",IF('UV calibration and raw data'!AO60="",Inputs!Q28*(Results!D8-Results!D18)/Inputs!Q18,(Inputs!Q28*Results!D8-'UV calibration and raw data'!AO60*Results!D18)/Inputs!Q18))) | E28: =IF(E8="","",IF(E18="","",IF('UV calibration and raw data'!AP60="",Inputs!R28*(Results!E8-Results!E18)/Inputs!R18,(Inputs!R28*Results!E8-'UV calibration and raw data'!AP60*Results!E18)/Inputs!R18))) | F28: =IF(F8="","",IF(F18="","",IF('UV calibration and raw data'!AQ60="",Inputs!S28*(Results!F8-Results!F18)/Inputs!S18,(Inputs!S28*Results!F8-'UV calibration and raw data'!AQ60*Results!F18)/Inputs!S18))) | G28: =IF(G8="","",IF(G18="","",IF('UV calibration and raw data'!AR60="",Inputs!T28*(Results!G8-Results!G18)/Inputs!T18,(Inputs!T28*Results!G8-'UV calibration and raw data'!AR60*Results!G18)/Inputs!T18))) | H28: =IF(H8="","",IF(H18="","",IF('UV calibration and raw data'!AS60="",Inputs!U28*(Results!H8-Results!H18)/Inputs!U18,(Inputs!U28*Results!H8-'UV calibration and raw data'!AS60*Results!H18)/Inputs!U18))) | I28: =IF(I8="","",IF(I18="","",IF('UV calibration and raw data'!AT60="",Inputs!V28*(Results!I8-Results!I18)/Inputs!V18,(Inputs!V28*Results!I8-'UV calibration and raw data'!AT60*Results!I18)/Inputs!V18))) | J28: =IF(J8="","",IF(J18="","",IF('UV calibration and raw data'!AU60="",Inputs!W28*(Results!J8-Results!J18)/Inputs!W18,(Inputs!W28*Results!J8-'UV calibration and raw data'!AU60*Results!J18)/Inputs!W18))) | K28: =IF(K8="","",IF(K18="","",IF('UV calibration and raw data'!AV60="",Inputs!X28*(Results!K8-Results!K18)/Inputs!X18,(Inputs!X28*Results!K8-'UV calibration and raw data'!AV60*Results!K18)/Inputs!X18))) | ... O28: =IF(O8="","",IF(O18="","",IF('UV calibration and raw data'!AZ60="",Inputs!AB28*(Results!O8-Results!O18)/Inputs!AB18,(Inputs!AB28*Results!O8-'UV calibration and raw data'!AZ60*Results!O18)/Inputs!AB18))) | Q28: =IF(Q8="","",IF(Q18="","",Inputs!Q28*(Results!Q8-Results!Q18)/Inputs!Q18)) | R28: =IF(R8="","",IF(R18="","",Inputs!R28*(Results!R8-Results!R18)/Inputs!R18)) | S28: =IF(S8="","",IF(S18="","",Inputs!S28*(Results!S8-Results!S18)/Inputs!S18)) | T28: =IF(T8="","",IF(T18="","",Inputs!T28*(Results!T8-Results!T18)/Inputs!T18)) | U28: =IF(U8="","",IF(U18="","",Inputs!U28*(Results!U8-Results!U18)/Inputs!U18)) | V28: =IF(V8="","",IF(V18="","",Inputs!V28*(Results!V8-Results!V18)/Inputs!V18)) | W28: =IF(W8="","",IF(W18="","",Inputs!W28*(Results!W8-Results!W18)/Inputs!W18)) | X28: =IF(X8="","",IF(X18="","",Inputs!X28*(Results!X8-Results!X18)/Inputs!X18)) | ... AB28: =IF(AB8="","",IF(AB18="","",Inputs!AB28*(Results!AB8-Results!AB18)/Inputs!AB18)) | AD28: =IF(AD8="","",IF(AD18="","",Inputs!Q28*(Results!AD8-Results!AD18)/Inputs!Q18)) | AE28: =IF(AE8="","",IF(AE18="","",Inputs!R28*(Results!AE8-Results!AE18)/Inputs!R18)) | AF28: =IF(AF8="","",IF(AF18="","",Inputs!S28*(Results!AF8-Results!AF18)/Inputs!S18)) | AG28: =IF(AG8="","",IF(AG18="","",Inputs!T28*(Results!AG8-Results!AG18)/Inputs!T18)) | AH28: =IF(AH8="","",IF(AH18="","",Inputs!U28*(Results!AH8-Results!AH18)/Inputs!U18)) | AI28: =IF(AI8="","",IF(AI18="","",Inputs!V28*(Results!AI8-Results!AI18)/Inputs!V18)) | AJ28: =IF(AJ8="","",IF(AJ18="","",Inputs!W28*(Results!AJ8-Results!AJ18)/Inputs!W18)) | AK28: =IF(AK8="","",IF(AK18="","",Inputs!X28*(Results!AK8-Results!AK18)/Inputs!X18)) | ... AO28: =IF(AO8="","",IF(AO18="","",Inputs!AB28*(Results!AO8-Results!AO18)/Inputs!AB18))
D29: =IF(D9="","",IF(D19="","",IF('UV calibration and raw data'!AO61="",Inputs!Q29*(Results!D9-Results!D19)/Inputs!Q19,(Inputs!Q29*Results!D9-'UV calibration and raw data'!AO61*Results!D19)/Inputs!Q19))) | E29: =IF(E9="","",IF(E19="","",IF('UV calibration and raw data'!AP61="",Inputs!R29*(Results!E9-Results!E19)/Inputs!R19,(Inputs!R29*Results!E9-'UV calibration and raw data'!AP61*Results!E19)/Inputs!R19))) | F29: =IF(F9="","",IF(F19="","",IF('UV calibration and raw data'!AQ61="",Inputs!S29*(Results!F9-Results!F19)/Inputs!S19,(Inputs!S29*Results!F9-'UV calibration and raw data'!AQ61*Results!F19)/Inputs!S19))) | G29: =IF(G9="","",IF(G19="","",IF('UV calibration and raw data'!AR61="",Inputs!T29*(Results!G9-Results!G19)/Inputs!T19,(Inputs!T29*Results!G9-'UV calibration and raw data'!AR61*Results!G19)/Inputs!T19))) | H29: =IF(H9="","",IF(H19="","",IF('UV calibration and raw data'!AS61="",Inputs!U29*(Results!H9-Results!H19)/Inputs!U19,(Inputs!U29*Results!H9-'UV calibration and raw data'!AS61*Results!H19)/Inputs!U19))) | I29: =IF(I9="","",IF(I19="","",IF('UV calibration and raw data'!AT61="",Inputs!V29*(Results!I9-Results!I19)/Inputs!V19,(Inputs!V29*Results!I9-'UV calibration and raw data'!AT61*Results!I19)/Inputs!V19))) | J29: =IF(J9="","",IF(J19="","",IF('UV calibration and raw data'!AU61="",Inputs!W29*(Results!J9-Results!J19)/Inputs!W19,(Inputs!W29*Results!J9-'UV calibration and raw data'!AU61*Results!J19)/Inputs!W19))) | K29: =IF(K9="","",IF(K19="","",IF('UV calibration and raw data'!AV61="",Inputs!X29*(Results!K9-Results!K19)/Inputs!X19,(Inputs!X29*Results!K9-'UV calibration and raw data'!AV61*Results!K19)/Inputs!X19))) | ... O29: =IF(O9="","",IF(O19="","",IF('UV calibration and raw data'!AZ61="",Inputs!AB29*(Results!O9-Results!O19)/Inputs!AB19,(Inputs!AB29*Results!O9-'UV calibration and raw data'!AZ61*Results!O19)/Inputs!AB19))) | Q29: =IF(Q9="","",IF(Q19="","",Inputs!Q29*(Results!Q9-Results!Q19)/Inputs!Q19)) | R29: =IF(R9="","",IF(R19="","",Inputs!R29*(Results!R9-Results!R19)/Inputs!R19)) | S29: =IF(S9="","",IF(S19="","",Inputs!S29*(Results!S9-Results!S19)/Inputs!S19)) | T29: =IF(T9="","",IF(T19="","",Inputs!T29*(Results!T9-Results!T19)/Inputs!T19)) | U29: =IF(U9="","",IF(U19="","",Inputs!U29*(Results!U9-Results!U19)/Inputs!U19)) | V29: =IF(V9="","",IF(V19="","",Inputs!V29*(Results!V9-Results!V19)/Inputs!V19)) | W29: =IF(W9="","",IF(W19="","",Inputs!W29*(Results!W9-Results!W19)/Inputs!W19)) | X29: =IF(X9="","",IF(X19="","",Inputs!X29*(Results!X9-Results!X19)/Inputs!X19)) | ... AB29: =IF(AB9="","",IF(AB19="","",Inputs!AB29*(Results!AB9-Results!AB19)/Inputs!AB19)) | AD29: =IF(AD9="","",IF(AD19="","",Inputs!Q29*(Results!AD9-Results!AD19)/Inputs!Q19)) | AE29: =IF(AE9="","",IF(AE19="","",Inputs!R29*(Results!AE9-Results!AE19)/Inputs!R19)) | AF29: =IF(AF9="","",IF(AF19="","",Inputs!S29*(Results!AF9-Results!AF19)/Inputs!S19)) | AG29: =IF(AG9="","",IF(AG19="","",Inputs!T29*(Results!AG9-Results!AG19)/Inputs!T19)) | AH29: =IF(AH9="","",IF(AH19="","",Inputs!U29*(Results!AH9-Results!AH19)/Inputs!U19)) | AI29: =IF(AI9="","",IF(AI19="","",Inputs!V29*(Results!AI9-Results!AI19)/Inputs!V19)) | AJ29: =IF(AJ9="","",IF(AJ19="","",Inputs!W29*(Results!AJ9-Results!AJ19)/Inputs!W19)) | AK29: =IF(AK9="","",IF(AK19="","",Inputs!X29*(Results!AK9-Results!AK19)/Inputs!X19)) | ... AO29: =IF(AO9="","",IF(AO19="","",Inputs!AB29*(Results!AO9-Results!AO19)/Inputs!AB19))
D30: =IF(D10="","",IF(D20="","",IF('UV calibration and raw data'!AO62="",Inputs!Q30*(Results!D10-Results!D20)/Inputs!Q20,(Inputs!Q30*Results!D10-'UV calibration and raw data'!AO62*Results!D20)/Inputs!Q20))) | E30: =IF(E10="","",IF(E20="","",IF('UV calibration and raw data'!AP62="",Inputs!R30*(Results!E10-Results!E20)/Inputs!R20,(Inputs!R30*Results!E10-'UV calibration and raw data'!AP62*Results!E20)/Inputs!R20))) | F30: =IF(F10="","",IF(F20="","",IF('UV calibration and raw data'!AQ62="",Inputs!S30*(Results!F10-Results!F20)/Inputs!S20,(Inputs!S30*Results!F10-'UV calibration and raw data'!AQ62*Results!F20)/Inputs!S20))) | G30: =IF(G10="","",IF(G20="","",IF('UV calibration and raw data'!AR62="",Inputs!T30*(Results!G10-Results!G20)/Inputs!T20,(Inputs!T30*Results!G10-'UV calibration and raw data'!AR62*Results!G20)/Inputs!T20))) | H30: =IF(H10="","",IF(H20="","",IF('UV calibration and raw data'!AS62="",Inputs!U30*(Results!H10-Results!H20)/Inputs!U20,(Inputs!U30*Results!H10-'UV calibration and raw data'!AS62*Results!H20)/Inputs!U20))) | I30: =IF(I10="","",IF(I20="","",IF('UV calibration and raw data'!AT62="",Inputs!V30*(Results!I10-Results!I20)/Inputs!V20,(Inputs!V30*Results!I10-'UV calibration and raw data'!AT62*Results!I20)/Inputs!V20))) | J30: =IF(J10="","",IF(J20="","",IF('UV calibration and raw data'!AU62="",Inputs!W30*(Results!J10-Results!J20)/Inputs!W20,(Inputs!W30*Results!J10-'UV calibration and raw data'!AU62*Results!J20)/Inputs!W20))) | K30: =IF(K10="","",IF(K20="","",IF('UV calibration and raw data'!AV62="",Inputs!X30*(Results!K10-Results!K20)/Inputs!X20,(Inputs!X30*Results!K10-'UV calibration and raw data'!AV62*Results!K20)/Inputs!X20))) | ... O30: =IF(O10="","",IF(O20="","",IF('UV calibration and raw data'!AZ62="",Inputs!AB30*(Results!O10-Results!O20)/Inputs!AB20,(Inputs!AB30*Results!O10-'UV calibration and raw data'!AZ62*Results!O20)/Inputs!AB20))) | Q30: =IF(Q10="","",IF(Q20="","",Inputs!Q30*(Results!Q10-Results!Q20)/Inputs!Q20)) | R30: =IF(R10="","",IF(R20="","",Inputs!R30*(Results!R10-Results!R20)/Inputs!R20)) | S30: =IF(S10="","",IF(S20="","",Inputs!S30*(Results!S10-Results!S20)/Inputs!S20)) | T30: =IF(T10="","",IF(T20="","",Inputs!T30*(Results!T10-Results!T20)/Inputs!T20)) | U30: =IF(U10="","",IF(U20="","",Inputs!U30*(Results!U10-Results!U20)/Inputs!U20)) | V30: =IF(V10="","",IF(V20="","",Inputs!V30*(Results!V10-Results!V20)/Inputs!V20)) | W30: =IF(W10="","",IF(W20="","",Inputs!W30*(Results!W10-Results!W20)/Inputs!W20)) | X30: =IF(X10="","",IF(X20="","",Inputs!X30*(Results!X10-Results!X20)/Inputs!X20)) | ... AB30: =IF(AB10="","",IF(AB20="","",Inputs!AB30*(Results!AB10-Results!AB20)/Inputs!AB20)) | AD30: =IF(AD10="","",IF(AD20="","",Inputs!Q30*(Results!AD10-Results!AD20)/Inputs!Q20)) | AE30: =IF(AE10="","",IF(AE20="","",Inputs!R30*(Results!AE10-Results!AE20)/Inputs!R20)) | AF30: =IF(AF10="","",IF(AF20="","",Inputs!S30*(Results!AF10-Results!AF20)/Inputs!S20)) | AG30: =IF(AG10="","",IF(AG20="","",Inputs!T30*(Results!AG10-Results!AG20)/Inputs!T20)) | AH30: =IF(AH10="","",IF(AH20="","",Inputs!U30*(Results!AH10-Results!AH20)/Inputs!U20)) | AI30: =IF(AI10="","",IF(AI20="","",Inputs!V30*(Results!AI10-Results!AI20)/Inputs!V20)) | AJ30: =IF(AJ10="","",IF(AJ20="","",Inputs!W30*(Results!AJ10-Results!AJ20)/Inputs!W20)) | AK30: =IF(AK10="","",IF(AK20="","",Inputs!X30*(Results!AK10-Results!AK20)/Inputs!X20)) | ... AO30: =IF(AO10="","",IF(AO20="","",Inputs!AB30*(Results!AO10-Results!AO20)/Inputs!AB20))
D32: KP | Q32: KP | AD32: KP
D33: =IF(D23="","",D23/D13) | E33: =IF(E23="","",E23/E13) | F33: =IF(F23="","",F23/F13) | G33: =IF(G23="","",G23/G13) | H33: =IF(H23="","",H23/H13) | I33: =IF(I23="","",I23/I13) | J33: =IF(J23="","",J23/J13) | K33: =IF(K23="","",K23/K13) | ... O33: =IF(O23="","",O23/O13) | Q33: =IF(Q23="","",Q23/Q13) | R33: =IF(R23="","",R23/R13) | S33: =IF(S23="","",S23/S13) | T33: =IF(T23="","",T23/T13) | U33: =IF(U23="","",U23/U13) | V33: =IF(V23="","",V23/V13) | W33: =IF(W23="","",W23/W13) | X33: =IF(X23="","",X23/X13) | ... AB33: =IF(AB23="","",AB23/AB13) | AD33: =IF(AD23="","",AD23/AD13) | AE33: =IF(AE23="","",AE23/AE13) | AF33: =IF(AF23="","",AF23/AF13) | AG33: =IF(AG23="","",AG23/AG13) | AH33: =IF(AH23="","",AH23/AH13) | AI33: =IF(AI23="","",AI23/AI13) | AJ33: =IF(AJ23="","",AJ23/AJ13) | AK33: =IF(AK23="","",AK23/AK13) | ... AO33: =IF(AO23="","",AO23/AO13)
D34: =IF(D24="","",D24/D14) | E34: =IF(E24="","",E24/E14) | F34: =IF(F24="","",F24/F14) | G34: =IF(G24="","",G24/G14) | H34: =IF(H24="","",H24/H14) | I34: =IF(I24="","",I24/I14) | J34: =IF(J24="","",J24/J14) | K34: =IF(K24="","",K24/K14) | ... O34: =IF(O24="","",O24/O14) | Q34: =IF(Q24="","",Q24/Q14) | R34: =IF(R24="","",R24/R14) | S34: =IF(S24="","",S24/S14) | T34: =IF(T24="","",T24/T14) | U34: =IF(U24="","",U24/U14) | V34: =IF(V24="","",V24/V14) | W34: =IF(W24="","",W24/W14) | X34: =IF(X24="","",X24/X14) | ... AB34: =IF(AB24="","",AB24/AB14) | AD34: =IF(AD24="","",AD24/AD14) | AE34: =IF(AE24="","",AE24/AE14) | AF34: =IF(AF24="","",AF24/AF14) | AG34: =IF(AG24="","",AG24/AG14) | AH34: =IF(AH24="","",AH24/AH14) | AI34: =IF(AI24="","",AI24/AI14) | AJ34: =IF(AJ24="","",AJ24/AJ14) | AK34: =IF(AK24="","",AK24/AK14) | ... AO34: =IF(AO24="","",AO24/AO14)
D35: =IF(D25="","",D25/D15) | E35: =IF(E25="","",E25/E15) | F35: =IF(F25="","",F25/F15) | G35: =IF(G25="","",G25/G15) | H35: =IF(H25="","",H25/H15) | I35: =IF(I25="","",I25/I15) | J35: =IF(J25="","",J25/J15) | K35: =IF(K25="","",K25/K15) | ... O35: =IF(O25="","",O25/O15) | Q35: =IF(Q25="","",Q25/Q15) | R35: =IF(R25="","",R25/R15) | S35: =IF(S25="","",S25/S15) | T35: =IF(T25="","",T25/T15) | U35: =IF(U25="","",U25/U15) | V35: =IF(V25="","",V25/V15) | W35: =IF(W25="","",W25/W15) | X35: =IF(X25="","",X25/X15) | ... AB35: =IF(AB25="","",AB25/AB15) | AD35: =IF(AD25="","",AD25/AD15) | AE35: =IF(AE25="","",AE25/AE15) | AF35: =IF(AF25="","",AF25/AF15) | AG35: =IF(AG25="","",AG25/AG15) | AH35: =IF(AH25="","",AH25/AH15) | AI35: =IF(AI25="","",AI25/AI15) | AJ35: =IF(AJ25="","",AJ25/AJ15) | AK35: =IF(AK25="","",AK25/AK15) | ... AO35: =IF(AO25="","",AO25/AO15)
D36: =IF(D26="","",D26/D16) | E36: =IF(E26="","",E26/E16) | F36: =IF(F26="","",F26/F16) | G36: =IF(G26="","",G26/G16) | H36: =IF(H26="","",H26/H16) | I36: =IF(I26="","",I26/I16) | J36: =IF(J26="","",J26/J16) | K36: =IF(K26="","",K26/K16) | ... O36: =IF(O26="","",O26/O16) | Q36: =IF(Q26="","",Q26/Q16) | R36: =IF(R26="","",R26/R16) | S36: =IF(S26="","",S26/S16) | T36: =IF(T26="","",T26/T16) | U36: =IF(U26="","",U26/U16) | V36: =IF(V26="","",V26/V16) | W36: =IF(W26="","",W26/W16) | X36: =IF(X26="","",X26/X16) | ... AB36: =IF(AB26="","",AB26/AB16) | AD36: =IF(AD26="","",AD26/AD16) | AE36: =IF(AE26="","",AE26/AE16) | AF36: =IF(AF26="","",AF26/AF16) | AG36: =IF(AG26="","",AG26/AG16) | AH36: =IF(AH26="","",AH26/AH16) | AI36: =IF(AI26="","",AI26/AI16) | AJ36: =IF(AJ26="","",AJ26/AJ16) | AK36: =IF(AK26="","",AK26/AK16) | ... AO36: =IF(AO26="","",AO26/AO16)
D37: =IF(D27="","",D27/D17) | E37: =IF(E27="","",E27/E17) | F37: =IF(F27="","",F27/F17) | G37: =IF(G27="","",G27/G17) | H37: =IF(H27="","",H27/H17) | I37: =IF(I27="","",I27/I17) | J37: =IF(J27="","",J27/J17) | K37: =IF(K27="","",K27/K17) | ... O37: =IF(O27="","",O27/O17) | Q37: =IF(Q27="","",Q27/Q17) | R37: =IF(R27="","",R27/R17) | S37: =IF(S27="","",S27/S17) | T37: =IF(T27="","",T27/T17) | U37: =IF(U27="","",U27/U17) | V37: =IF(V27="","",V27/V17) | W37: =IF(W27="","",W27/W17) | X37: =IF(X27="","",X27/X17) | ... AB37: =IF(AB27="","",AB27/AB17) | AD37: =IF(AD27="","",AD27/AD17) | AE37: =IF(AE27="","",AE27/AE17) | AF37: =IF(AF27="","",AF27/AF17) | AG37: =IF(AG27="","",AG27/AG17) | AH37: =IF(AH27="","",AH27/AH17) | AI37: =IF(AI27="","",AI27/AI17) | AJ37: =IF(AJ27="","",AJ27/AJ17) | AK37: =IF(AK27="","",AK27/AK17) | ... AO37: =IF(AO27="","",AO27/AO17)
D38: =IF(D28="","",D28/D18) | E38: =IF(E28="","",E28/E18) | F38: =IF(F28="","",F28/F18) | G38: =IF(G28="","",G28/G18) | H38: =IF(H28="","",H28/H18) | I38: =IF(I28="","",I28/I18) | J38: =IF(J28="","",J28/J18) | K38: =IF(K28="","",K28/K18) | ... O38: =IF(O28="","",O28/O18) | Q38: =IF(Q28="","",Q28/Q18) | R38: =IF(R28="","",R28/R18) | S38: =IF(S28="","",S28/S18) | T38: =IF(T28="","",T28/T18) | U38: =IF(U28="","",U28/U18) | V38: =IF(V28="","",V28/V18) | W38: =IF(W28="","",W28/W18) | X38: =IF(X28="","",X28/X18) | ... AB38: =IF(AB28="","",AB28/AB18) | AD38: =IF(AD28="","",AD28/AD18) | AE38: =IF(AE28="","",AE28/AE18) | AF38: =IF(AF28="","",AF28/AF18) | AG38: =IF(AG28="","",AG28/AG18) | AH38: =IF(AH28="","",AH28/AH18) | AI38: =IF(AI28="","",AI28/AI18) | AJ38: =IF(AJ28="","",AJ28/AJ18) | AK38: =IF(AK28="","",AK28/AK18) | ... AO38: =IF(AO28="","",AO28/AO18)
D39: =IF(D29="","",D29/D19) | E39: =IF(E29="","",E29/E19) | F39: =IF(F29="","",F29/F19) | G39: =IF(G29="","",G29/G19) | H39: =IF(H29="","",H29/H19) | I39: =IF(I29="","",I29/I19) | J39: =IF(J29="","",J29/J19) | K39: =IF(K29="","",K29/K19) | ... O39: =IF(O29="","",O29/O19) | Q39: =IF(Q29="","",Q29/Q19) | R39: =IF(R29="","",R29/R19) | S39: =IF(S29="","",S29/S19) | T39: =IF(T29="","",T29/T19) | U39: =IF(U29="","",U29/U19) | V39: =IF(V29="","",V29/V19) | W39: =IF(W29="","",W29/W19) | X39: =IF(X29="","",X29/X19) | ... AB39: =IF(AB29="","",AB29/AB19) | AD39: =IF(AD29="","",AD29/AD19) | AE39: =IF(AE29="","",AE29/AE19) | AF39: =IF(AF29="","",AF29/AF19) | AG39: =IF(AG29="","",AG29/AG19) | AH39: =IF(AH29="","",AH29/AH19) | AI39: =IF(AI29="","",AI29/AI19) | AJ39: =IF(AJ29="","",AJ29/AJ19) | AK39: =IF(AK29="","",AK29/AK19) | ... AO39: =IF(AO29="","",AO29/AO19)
D40: =IF(D30="","",D30/D20) | E40: =IF(E30="","",E30/E20) | F40: =IF(F30="","",F30/F20) | G40: =IF(G30="","",G30/G20) | H40: =IF(H30="","",H30/H20) | I40: =IF(I30="","",I30/I20) | J40: =IF(J30="","",J30/J20) | K40: =IF(K30="","",K30/K20) | ... O40: =IF(O30="","",O30/O20) | Q40: =IF(Q30="","",Q30/Q20) | R40: =IF(R30="","",R30/R20) | S40: =IF(S30="","",S30/S20) | T40: =IF(T30="","",T30/T20) | U40: =IF(U30="","",U30/U20) | V40: =IF(V30="","",V30/V20) | W40: =IF(W30="","",W30/W20) | X40: =IF(X30="","",X30/X20) | ... AB40: =IF(AB30="","",AB30/AB20) | AD40: =IF(AD30="","",AD30/AD20) | AE40: =IF(AE30="","",AE30/AE20) | AF40: =IF(AF30="","",AF30/AF20) | AG40: =IF(AG30="","",AG30/AG20) | AH40: =IF(AH30="","",AH30/AH20) | AI40: =IF(AI30="","",AI30/AI20) | AJ40: =IF(AJ30="","",AJ30/AJ20) | AK40: =IF(AK30="","",AK30/AK20) | ... AO40: =IF(AO30="","",AO30/AO20)
D42: log KP, target protein | F42: Max value: | G42: 2 | Q42: log KP, impurity 1 | S42: Max value: | T42: 2 | AD42: log KP, impurity 2 | AF42: Max value: | AG42: 3
D43: =IF(D33="","",IF(D13<0,$G$42,IF(D33>10^$G$42,$G$42,IF(D33<1,0,LOG(D33,10))))) | E43: =IF(E33="","",IF(E13<0,$G$42,IF(E33>10^$G$42,$G$42,IF(E33<1,0,LOG(E33,10))))) | F43: =IF(F33="","",IF(F13<0,$G$42,IF(F33>10^$G$42,$G$42,IF(F33<1,0,LOG(F33,10))))) | G43: =IF(G33="","",IF(G13<0,$G$42,IF(G33>10^$G$42,$G$42,IF(G33<1,0,LOG(G33,10))))) | H43: =IF(H33="","",IF(H13<0,$G$42,IF(H33>10^$G$42,$G$42,IF(H33<1,0,LOG(H33,10))))) | I43: =IF(I33="","",IF(I13<0,$G$42,IF(I33>10^$G$42,$G$42,IF(I33<1,0,LOG(I33,10))))) | J43: =IF(J33="","",IF(J13<0,$G$42,IF(J33>10^$G$42,$G$42,IF(J33<1,0,LOG(J33,10))))) | K43: =IF(K33="","",IF(K13<0,$G$42,IF(K33>10^$G$42,$G$42,IF(K33<1,0,LOG(K33,10))))) | ... O43: =IF(O33="","",IF(O13<0,$G$42,IF(O33>10^$G$42,$G$42,IF(O33<1,0,LOG(O33,10))))) | Q43: =IF(Q33="","",IF(Q13<0,$T$42,IF(Q33>10^$T$42,$T$42,IF(Q33<1,0,LOG(Q33,10))))) | R43: =IF(R33="","",IF(R13<0,$T$42,IF(R33>10^$T$42,$T$42,IF(R33<1,0,LOG(R33,10))))) | S43: =IF(S33="","",IF(S13<0,$T$42,IF(S33>10^$T$42,$T$42,IF(S33<1,0,LOG(S33,10))))) | T43: =IF(T33="","",IF(T13<0,$T$42,IF(T33>10^$T$42,$T$42,IF(T33<1,0,LOG(T33,10))))) | U43: =IF(U33="","",IF(U13<0,$T$42,IF(U33>10^$T$42,$T$42,IF(U33<1,0,LOG(U33,10))))) | V43: =IF(V33="","",IF(V13<0,$T$42,IF(V33>10^$T$42,$T$42,IF(V33<1,0,LOG(V33,10))))) | W43: =IF(W33="","",IF(W13<0,$T$42,IF(W33>10^$T$42,$T$42,IF(W33<1,0,LOG(W33,10))))) | X43: =IF(X33="","",IF(X13<0,$T$42,IF(X33>10^$T$42,$T$42,IF(X33<1,0,LOG(X33,10))))) | ... AB43: =IF(AB33="","",IF(AB13<0,$T$42,IF(AB33>10^$T$42,$T$42,IF(AB33<1,0,LOG(AB33,10))))) | AD43: =IF(AD33="","",IF(AD13<0,$AG$42,IF(AD33>10^$AG$42,$AG$42,IF(AD33<1,0,LOG(AD33,10))))) | AE43: =IF(AE33="","",IF(AE13<0,$AG$42,IF(AE33>10^$AG$42,$AG$42,IF(AE33<1,0,LOG(AE33,10))))) | AF43: =IF(AF33="","",IF(AF13<0,$AG$42,IF(AF33>10^$AG$42,$AG$42,IF(AF33<1,0,LOG(AF33,10))))) | AG43: =IF(AG33="","",IF(AG13<0,$AG$42,IF(AG33>10^$AG$42,$AG$42,IF(AG33<1,0,LOG(AG33,10))))) | AH43: =IF(AH33="","",IF(AH13<0,$AG$42,IF(AH33>10^$AG$42,$AG$42,IF(AH33<1,0,LOG(AH33,10))))) | AI43: =IF(AI33="","",IF(AI13<0,$AG$42,IF(AI33>10^$AG$42,$AG$42,IF(AI33<1,0,LOG(AI33,10))))) | AJ43: =IF(AJ33="","",IF(AJ13<0,$AG$42,IF(AJ33>10^$AG$42,$AG$42,IF(AJ33<1,0,LOG(AJ33,10))))) | AK43: =IF(AK33="","",IF(AK13<0,$AG$42,IF(AK33>10^$AG$42,$AG$42,IF(AK33<1,0,LOG(AK33,10))))) | ... AO43: =IF(AO33="","",IF(AO13<0,$AG$42,IF(AO33>10^$AG$42,$AG$42,IF(AO33<1,0,LOG(AO33,10)))))
D44: =IF(D34="","",IF(D14<0,$G$42,IF(D34>10^$G$42,$G$42,IF(D34<1,0,LOG(D34,10))))) | E44: =IF(E34="","",IF(E14<0,$G$42,IF(E34>10^$G$42,$G$42,IF(E34<1,0,LOG(E34,10))))) | F44: =IF(F34="","",IF(F14<0,$G$42,IF(F34>10^$G$42,$G$42,IF(F34<1,0,LOG(F34,10))))) | G44: =IF(G34="","",IF(G14<0,$G$42,IF(G34>10^$G$42,$G$42,IF(G34<1,0,LOG(G34,10))))) | H44: =IF(H34="","",IF(H14<0,$G$42,IF(H34>10^$G$42,$G$42,IF(H34<1,0,LOG(H34,10))))) | I44: =IF(I34="","",IF(I14<0,$G$42,IF(I34>10^$G$42,$G$42,IF(I34<1,0,LOG(I34,10))))) | J44: =IF(J34="","",IF(J14<0,$G$42,IF(J34>10^$G$42,$G$42,IF(J34<1,0,LOG(J34,10))))) | K44: =IF(K34="","",IF(K14<0,$G$42,IF(K34>10^$G$42,$G$42,IF(K34<1,0,LOG(K34,10))))) | ... O44: =IF(O34="","",IF(O14<0,$G$42,IF(O34>10^$G$42,$G$42,IF(O34<1,0,LOG(O34,10))))) | Q44: =IF(Q34="","",IF(Q14<0,$T$42,IF(Q34>10^$T$42,$T$42,IF(Q34<1,0,LOG(Q34,10))))) | R44: =IF(R34="","",IF(R14<0,$T$42,IF(R34>10^$T$42,$T$42,IF(R34<1,0,LOG(R34,10))))) | S44: =IF(S34="","",IF(S14<0,$T$42,IF(S34>10^$T$42,$T$42,IF(S34<1,0,LOG(S34,10))))) | T44: =IF(T34="","",IF(T14<0,$T$42,IF(T34>10^$T$42,$T$42,IF(T34<1,0,LOG(T34,10))))) | U44: =IF(U34="","",IF(U14<0,$T$42,IF(U34>10^$T$42,$T$42,IF(U34<1,0,LOG(U34,10))))) | V44: =IF(V34="","",IF(V14<0,$T$42,IF(V34>10^$T$42,$T$42,IF(V34<1,0,LOG(V34,10))))) | W44: =IF(W34="","",IF(W14<0,$T$42,IF(W34>10^$T$42,$T$42,IF(W34<1,0,LOG(W34,10))))) | X44: =IF(X34="","",IF(X14<0,$T$42,IF(X34>10^$T$42,$T$42,IF(X34<1,0,LOG(X34,10))))) | ... AB44: =IF(AB34="","",IF(AB14<0,$T$42,IF(AB34>10^$T$42,$T$42,IF(AB34<1,0,LOG(AB34,10))))) | AD44: =IF(AD34="","",IF(AD14<0,$AG$42,IF(AD34>10^$AG$42,$AG$42,IF(AD34<1,0,LOG(AD34,10))))) | AE44: =IF(AE34="","",IF(AE14<0,$AG$42,IF(AE34>10^$AG$42,$AG$42,IF(AE34<1,0,LOG(AE34,10))))) | AF44: =IF(AF34="","",IF(AF14<0,$AG$42,IF(AF34>10^$AG$42,$AG$42,IF(AF34<1,0,LOG(AF34,10))))) | AG44: =IF(AG34="","",IF(AG14<0,$AG$42,IF(AG34>10^$AG$42,$AG$42,IF(AG34<1,0,LOG(AG34,10))))) | AH44: =IF(AH34="","",IF(AH14<0,$AG$42,IF(AH34>10^$AG$42,$AG$42,IF(AH34<1,0,LOG(AH34,10))))) | AI44: =IF(AI34="","",IF(AI14<0,$AG$42,IF(AI34>10^$AG$42,$AG$42,IF(AI34<1,0,LOG(AI34,10))))) | AJ44: =IF(AJ34="","",IF(AJ14<0,$AG$42,IF(AJ34>10^$AG$42,$AG$42,IF(AJ34<1,0,LOG(AJ34,10))))) | AK44: =IF(AK34="","",IF(AK14<0,$AG$42,IF(AK34>10^$AG$42,$AG$42,IF(AK34<1,0,LOG(AK34,10))))) | ... AO44: =IF(AO34="","",IF(AO14<0,$AG$42,IF(AO34>10^$AG$42,$AG$42,IF(AO34<1,0,LOG(AO34,10)))))
D45: =IF(D35="","",IF(D15<0,$G$42,IF(D35>10^$G$42,$G$42,IF(D35<1,0,LOG(D35,10))))) | E45: =IF(E35="","",IF(E15<0,$G$42,IF(E35>10^$G$42,$G$42,IF(E35<1,0,LOG(E35,10))))) | F45: =IF(F35="","",IF(F15<0,$G$42,IF(F35>10^$G$42,$G$42,IF(F35<1,0,LOG(F35,10))))) | G45: =IF(G35="","",IF(G15<0,$G$42,IF(G35>10^$G$42,$G$42,IF(G35<1,0,LOG(G35,10))))) | H45: =IF(H35="","",IF(H15<0,$G$42,IF(H35>10^$G$42,$G$42,IF(H35<1,0,LOG(H35,10))))) | I45: =IF(I35="","",IF(I15<0,$G$42,IF(I35>10^$G$42,$G$42,IF(I35<1,0,LOG(I35,10))))) | J45: =IF(J35="","",IF(J15<0,$G$42,IF(J35>10^$G$42,$G$42,IF(J35<1,0,LOG(J35,10))))) | K45: =IF(K35="","",IF(K15<0,$G$42,IF(K35>10^$G$42,$G$42,IF(K35<1,0,LOG(K35,10))))) | ... O45: =IF(O35="","",IF(O15<0,$G$42,IF(O35>10^$G$42,$G$42,IF(O35<1,0,LOG(O35,10))))) | Q45: =IF(Q35="","",IF(Q15<0,$T$42,IF(Q35>10^$T$42,$T$42,IF(Q35<1,0,LOG(Q35,10))))) | R45: =IF(R35="","",IF(R15<0,$T$42,IF(R35>10^$T$42,$T$42,IF(R35<1,0,LOG(R35,10))))) | S45: =IF(S35="","",IF(S15<0,$T$42,IF(S35>10^$T$42,$T$42,IF(S35<1,0,LOG(S35,10))))) | T45: =IF(T35="","",IF(T15<0,$T$42,IF(T35>10^$T$42,$T$42,IF(T35<1,0,LOG(T35,10))))) | U45: =IF(U35="","",IF(U15<0,$T$42,IF(U35>10^$T$42,$T$42,IF(U35<1,0,LOG(U35,10))))) | V45: =IF(V35="","",IF(V15<0,$T$42,IF(V35>10^$T$42,$T$42,IF(V35<1,0,LOG(V35,10))))) | W45: =IF(W35="","",IF(W15<0,$T$42,IF(W35>10^$T$42,$T$42,IF(W35<1,0,LOG(W35,10))))) | X45: =IF(X35="","",IF(X15<0,$T$42,IF(X35>10^$T$42,$T$42,IF(X35<1,0,LOG(X35,10))))) | ... AB45: =IF(AB35="","",IF(AB15<0,$T$42,IF(AB35>10^$T$42,$T$42,IF(AB35<1,0,LOG(AB35,10))))) | AD45: =IF(AD35="","",IF(AD15<0,$AG$42,IF(AD35>10^$AG$42,$AG$42,IF(AD35<1,0,LOG(AD35,10))))) | AE45: =IF(AE35="","",IF(AE15<0,$AG$42,IF(AE35>10^$AG$42,$AG$42,IF(AE35<1,0,LOG(AE35,10))))) | AF45: =IF(AF35="","",IF(AF15<0,$AG$42,IF(AF35>10^$AG$42,$AG$42,IF(AF35<1,0,LOG(AF35,10))))) | AG45: =IF(AG35="","",IF(AG15<0,$AG$42,IF(AG35>10^$AG$42,$AG$42,IF(AG35<1,0,LOG(AG35,10))))) | AH45: =IF(AH35="","",IF(AH15<0,$AG$42,IF(AH35>10^$AG$42,$AG$42,IF(AH35<1,0,LOG(AH35,10))))) | AI45: =IF(AI35="","",IF(AI15<0,$AG$42,IF(AI35>10^$AG$42,$AG$42,IF(AI35<1,0,LOG(AI35,10))))) | AJ45: =IF(AJ35="","",IF(AJ15<0,$AG$42,IF(AJ35>10^$AG$42,$AG$42,IF(AJ35<1,0,LOG(AJ35,10))))) | AK45: =IF(AK35="","",IF(AK15<0,$AG$42,IF(AK35>10^$AG$42,$AG$42,IF(AK35<1,0,LOG(AK35,10))))) | ... AO45: =IF(AO35="","",IF(AO15<0,$AG$42,IF(AO35>10^$AG$42,$AG$42,IF(AO35<1,0,LOG(AO35,10)))))
D46: =IF(D36="","",IF(D16<0,$G$42,IF(D36>10^$G$42,$G$42,IF(D36<1,0,LOG(D36,10))))) | E46: =IF(E36="","",IF(E16<0,$G$42,IF(E36>10^$G$42,$G$42,IF(E36<1,0,LOG(E36,10))))) | F46: =IF(F36="","",IF(F16<0,$G$42,IF(F36>10^$G$42,$G$42,IF(F36<1,0,LOG(F36,10))))) | G46: =IF(G36="","",IF(G16<0,$G$42,IF(G36>10^$G$42,$G$42,IF(G36<1,0,LOG(G36,10))))) | H46: =IF(H36="","",IF(H16<0,$G$42,IF(H36>10^$G$42,$G$42,IF(H36<1,0,LOG(H36,10))))) | I46: =IF(I36="","",IF(I16<0,$G$42,IF(I36>10^$G$42,$G$42,IF(I36<1,0,LOG(I36,10))))) | J46: =IF(J36="","",IF(J16<0,$G$42,IF(J36>10^$G$42,$G$42,IF(J36<1,0,LOG(J36,10))))) | K46: =IF(K36="","",IF(K16<0,$G$42,IF(K36>10^$G$42,$G$42,IF(K36<1,0,LOG(K36,10))))) | ... O46: =IF(O36="","",IF(O16<0,$G$42,IF(O36>10^$G$42,$G$42,IF(O36<1,0,LOG(O36,10))))) | Q46: =IF(Q36="","",IF(Q16<0,$T$42,IF(Q36>10^$T$42,$T$42,IF(Q36<1,0,LOG(Q36,10))))) | R46: =IF(R36="","",IF(R16<0,$T$42,IF(R36>10^$T$42,$T$42,IF(R36<1,0,LOG(R36,10))))) | S46: =IF(S36="","",IF(S16<0,$T$42,IF(S36>10^$T$42,$T$42,IF(S36<1,0,LOG(S36,10))))) | T46: =IF(T36="","",IF(T16<0,$T$42,IF(T36>10^$T$42,$T$42,IF(T36<1,0,LOG(T36,10))))) | U46: =IF(U36="","",IF(U16<0,$T$42,IF(U36>10^$T$42,$T$42,IF(U36<1,0,LOG(U36,10))))) | V46: =IF(V36="","",IF(V16<0,$T$42,IF(V36>10^$T$42,$T$42,IF(V36<1,0,LOG(V36,10))))) | W46: =IF(W36="","",IF(W16<0,$T$42,IF(W36>10^$T$42,$T$42,IF(W36<1,0,LOG(W36,10))))) | X46: =IF(X36="","",IF(X16<0,$T$42,IF(X36>10^$T$42,$T$42,IF(X36<1,0,LOG(X36,10))))) | ... AB46: =IF(AB36="","",IF(AB16<0,$T$42,IF(AB36>10^$T$42,$T$42,IF(AB36<1,0,LOG(AB36,10))))) | AD46: =IF(AD36="","",IF(AD16<0,$AG$42,IF(AD36>10^$AG$42,$AG$42,IF(AD36<1,0,LOG(AD36,10))))) | AE46: =IF(AE36="","",IF(AE16<0,$AG$42,IF(AE36>10^$AG$42,$AG$42,IF(AE36<1,0,LOG(AE36,10))))) | AF46: =IF(AF36="","",IF(AF16<0,$AG$42,IF(AF36>10^$AG$42,$AG$42,IF(AF36<1,0,LOG(AF36,10))))) | AG46: =IF(AG36="","",IF(AG16<0,$AG$42,IF(AG36>10^$AG$42,$AG$42,IF(AG36<1,0,LOG(AG36,10))))) | AH46: =IF(AH36="","",IF(AH16<0,$AG$42,IF(AH36>10^$AG$42,$AG$42,IF(AH36<1,0,LOG(AH36,10))))) | AI46: =IF(AI36="","",IF(AI16<0,$AG$42,IF(AI36>10^$AG$42,$AG$42,IF(AI36<1,0,LOG(AI36,10))))) | AJ46: =IF(AJ36="","",IF(AJ16<0,$AG$42,IF(AJ36>10^$AG$42,$AG$42,IF(AJ36<1,0,LOG(AJ36,10))))) | AK46: =IF(AK36="","",IF(AK16<0,$AG$42,IF(AK36>10^$AG$42,$AG$42,IF(AK36<1,0,LOG(AK36,10))))) | ... AO46: =IF(AO36="","",IF(AO16<0,$AG$42,IF(AO36>10^$AG$42,$AG$42,IF(AO36<1,0,LOG(AO36,10)))))
D47: =IF(D37="","",IF(D17<0,$G$42,IF(D37>10^$G$42,$G$42,IF(D37<1,0,LOG(D37,10))))) | E47: =IF(E37="","",IF(E17<0,$G$42,IF(E37>10^$G$42,$G$42,IF(E37<1,0,LOG(E37,10))))) | F47: =IF(F37="","",IF(F17<0,$G$42,IF(F37>10^$G$42,$G$42,IF(F37<1,0,LOG(F37,10))))) | G47: =IF(G37="","",IF(G17<0,$G$42,IF(G37>10^$G$42,$G$42,IF(G37<1,0,LOG(G37,10))))) | H47: =IF(H37="","",IF(H17<0,$G$42,IF(H37>10^$G$42,$G$42,IF(H37<1,0,LOG(H37,10))))) | I47: =IF(I37="","",IF(I17<0,$G$42,IF(I37>10^$G$42,$G$42,IF(I37<1,0,LOG(I37,10))))) | J47: =IF(J37="","",IF(J17<0,$G$42,IF(J37>10^$G$42,$G$42,IF(J37<1,0,LOG(J37,10))))) | K47: =IF(K37="","",IF(K17<0,$G$42,IF(K37>10^$G$42,$G$42,IF(K37<1,0,LOG(K37,10))))) | ... O47: =IF(O37="","",IF(O17<0,$G$42,IF(O37>10^$G$42,$G$42,IF(O37<1,0,LOG(O37,10))))) | Q47: =IF(Q37="","",IF(Q17<0,$T$42,IF(Q37>10^$T$42,$T$42,IF(Q37<1,0,LOG(Q37,10))))) | R47: =IF(R37="","",IF(R17<0,$T$42,IF(R37>10^$T$42,$T$42,IF(R37<1,0,LOG(R37,10))))) | S47: =IF(S37="","",IF(S17<0,$T$42,IF(S37>10^$T$42,$T$42,IF(S37<1,0,LOG(S37,10))))) | T47: =IF(T37="","",IF(T17<0,$T$42,IF(T37>10^$T$42,$T$42,IF(T37<1,0,LOG(T37,10))))) | U47: =IF(U37="","",IF(U17<0,$T$42,IF(U37>10^$T$42,$T$42,IF(U37<1,0,LOG(U37,10))))) | V47: =IF(V37="","",IF(V17<0,$T$42,IF(V37>10^$T$42,$T$42,IF(V37<1,0,LOG(V37,10))))) | W47: =IF(W37="","",IF(W17<0,$T$42,IF(W37>10^$T$42,$T$42,IF(W37<1,0,LOG(W37,10))))) | X47: =IF(X37="","",IF(X17<0,$T$42,IF(X37>10^$T$42,$T$42,IF(X37<1,0,LOG(X37,10))))) | ... AB47: =IF(AB37="","",IF(AB17<0,$T$42,IF(AB37>10^$T$42,$T$42,IF(AB37<1,0,LOG(AB37,10))))) | AD47: =IF(AD37="","",IF(AD17<0,$AG$42,IF(AD37>10^$AG$42,$AG$42,IF(AD37<1,0,LOG(AD37,10))))) | AE47: =IF(AE37="","",IF(AE17<0,$AG$42,IF(AE37>10^$AG$42,$AG$42,IF(AE37<1,0,LOG(AE37,10))))) | AF47: =IF(AF37="","",IF(AF17<0,$AG$42,IF(AF37>10^$AG$42,$AG$42,IF(AF37<1,0,LOG(AF37,10))))) | AG47: =IF(AG37="","",IF(AG17<0,$AG$42,IF(AG37>10^$AG$42,$AG$42,IF(AG37<1,0,LOG(AG37,10))))) | AH47: =IF(AH37="","",IF(AH17<0,$AG$42,IF(AH37>10^$AG$42,$AG$42,IF(AH37<1,0,LOG(AH37,10))))) | AI47: =IF(AI37="","",IF(AI17<0,$AG$42,IF(AI37>10^$AG$42,$AG$42,IF(AI37<1,0,LOG(AI37,10))))) | AJ47: =IF(AJ37="","",IF(AJ17<0,$AG$42,IF(AJ37>10^$AG$42,$AG$42,IF(AJ37<1,0,LOG(AJ37,10))))) | AK47: =IF(AK37="","",IF(AK17<0,$AG$42,IF(AK37>10^$AG$42,$AG$42,IF(AK37<1,0,LOG(AK37,10))))) | ... AO47: =IF(AO37="","",IF(AO17<0,$AG$42,IF(AO37>10^$AG$42,$AG$42,IF(AO37<1,0,LOG(AO37,10)))))
D48: =IF(D38="","",IF(D18<0,$G$42,IF(D38>10^$G$42,$G$42,IF(D38<1,0,LOG(D38,10))))) | E48: =IF(E38="","",IF(E18<0,$G$42,IF(E38>10^$G$42,$G$42,IF(E38<1,0,LOG(E38,10))))) | F48: =IF(F38="","",IF(F18<0,$G$42,IF(F38>10^$G$42,$G$42,IF(F38<1,0,LOG(F38,10))))) | G48: =IF(G38="","",IF(G18<0,$G$42,IF(G38>10^$G$42,$G$42,IF(G38<1,0,LOG(G38,10))))) | H48: =IF(H38="","",IF(H18<0,$G$42,IF(H38>10^$G$42,$G$42,IF(H38<1,0,LOG(H38,10))))) | I48: =IF(I38="","",IF(I18<0,$G$42,IF(I38>10^$G$42,$G$42,IF(I38<1,0,LOG(I38,10))))) | J48: =IF(J38="","",IF(J18<0,$G$42,IF(J38>10^$G$42,$G$42,IF(J38<1,0,LOG(J38,10))))) | K48: =IF(K38="","",IF(K18<0,$G$42,IF(K38>10^$G$42,$G$42,IF(K38<1,0,LOG(K38,10))))) | ... O48: =IF(O38="","",IF(O18<0,$G$42,IF(O38>10^$G$42,$G$42,IF(O38<1,0,LOG(O38,10))))) | Q48: =IF(Q38="","",IF(Q18<0,$T$42,IF(Q38>10^$T$42,$T$42,IF(Q38<1,0,LOG(Q38,10))))) | R48: =IF(R38="","",IF(R18<0,$T$42,IF(R38>10^$T$42,$T$42,IF(R38<1,0,LOG(R38,10))))) | S48: =IF(S38="","",IF(S18<0,$T$42,IF(S38>10^$T$42,$T$42,IF(S38<1,0,LOG(S38,10))))) | T48: =IF(T38="","",IF(T18<0,$T$42,IF(T38>10^$T$42,$T$42,IF(T38<1,0,LOG(T38,10))))) | U48: =IF(U38="","",IF(U18<0,$T$42,IF(U38>10^$T$42,$T$42,IF(U38<1,0,LOG(U38,10))))) | V48: =IF(V38="","",IF(V18<0,$T$42,IF(V38>10^$T$42,$T$42,IF(V38<1,0,LOG(V38,10))))) | W48: =IF(W38="","",IF(W18<0,$T$42,IF(W38>10^$T$42,$T$42,IF(W38<1,0,LOG(W38,10))))) | X48: =IF(X38="","",IF(X18<0,$T$42,IF(X38>10^$T$42,$T$42,IF(X38<1,0,LOG(X38,10))))) | ... AB48: =IF(AB38="","",IF(AB18<0,$T$42,IF(AB38>10^$T$42,$T$42,IF(AB38<1,0,LOG(AB38,10))))) | AD48: =IF(AD38="","",IF(AD18<0,$AG$42,IF(AD38>10^$AG$42,$AG$42,IF(AD38<1,0,LOG(AD38,10))))) | AE48: =IF(AE38="","",IF(AE18<0,$AG$42,IF(AE38>10^$AG$42,$AG$42,IF(AE38<1,0,LOG(AE38,10))))) | AF48: =IF(AF38="","",IF(AF18<0,$AG$42,IF(AF38>10^$AG$42,$AG$42,IF(AF38<1,0,LOG(AF38,10))))) | AG48: =IF(AG38="","",IF(AG18<0,$AG$42,IF(AG38>10^$AG$42,$AG$42,IF(AG38<1,0,LOG(AG38,10))))) | AH48: =IF(AH38="","",IF(AH18<0,$AG$42,IF(AH38>10^$AG$42,$AG$42,IF(AH38<1,0,LOG(AH38,10))))) | AI48: =IF(AI38="","",IF(AI18<0,$AG$42,IF(AI38>10^$AG$42,$AG$42,IF(AI38<1,0,LOG(AI38,10))))) | AJ48: =IF(AJ38="","",IF(AJ18<0,$AG$42,IF(AJ38>10^$AG$42,$AG$42,IF(AJ38<1,0,LOG(AJ38,10))))) | AK48: =IF(AK38="","",IF(AK18<0,$AG$42,IF(AK38>10^$AG$42,$AG$42,IF(AK38<1,0,LOG(AK38,10))))) | ... AO48: =IF(AO38="","",IF(AO18<0,$AG$42,IF(AO38>10^$AG$42,$AG$42,IF(AO38<1,0,LOG(AO38,10)))))
D49: =IF(D39="","",IF(D19<0,$G$42,IF(D39>10^$G$42,$G$42,IF(D39<1,0,LOG(D39,10))))) | E49: =IF(E39="","",IF(E19<0,$G$42,IF(E39>10^$G$42,$G$42,IF(E39<1,0,LOG(E39,10))))) | F49: =IF(F39="","",IF(F19<0,$G$42,IF(F39>10^$G$42,$G$42,IF(F39<1,0,LOG(F39,10))))) | G49: =IF(G39="","",IF(G19<0,$G$42,IF(G39>10^$G$42,$G$42,IF(G39<1,0,LOG(G39,10))))) | H49: =IF(H39="","",IF(H19<0,$G$42,IF(H39>10^$G$42,$G$42,IF(H39<1,0,LOG(H39,10))))) | I49: =IF(I39="","",IF(I19<0,$G$42,IF(I39>10^$G$42,$G$42,IF(I39<1,0,LOG(I39,10))))) | J49: =IF(J39="","",IF(J19<0,$G$42,IF(J39>10^$G$42,$G$42,IF(J39<1,0,LOG(J39,10))))) | K49: =IF(K39="","",IF(K19<0,$G$42,IF(K39>10^$G$42,$G$42,IF(K39<1,0,LOG(K39,10))))) | ... O49: =IF(O39="","",IF(O19<0,$G$42,IF(O39>10^$G$42,$G$42,IF(O39<1,0,LOG(O39,10))))) | Q49: =IF(Q39="","",IF(Q19<0,$T$42,IF(Q39>10^$T$42,$T$42,IF(Q39<1,0,LOG(Q39,10))))) | R49: =IF(R39="","",IF(R19<0,$T$42,IF(R39>10^$T$42,$T$42,IF(R39<1,0,LOG(R39,10))))) | S49: =IF(S39="","",IF(S19<0,$T$42,IF(S39>10^$T$42,$T$42,IF(S39<1,0,LOG(S39,10))))) | T49: =IF(T39="","",IF(T19<0,$T$42,IF(T39>10^$T$42,$T$42,IF(T39<1,0,LOG(T39,10))))) | U49: =IF(U39="","",IF(U19<0,$T$42,IF(U39>10^$T$42,$T$42,IF(U39<1,0,LOG(U39,10))))) | V49: =IF(V39="","",IF(V19<0,$T$42,IF(V39>10^$T$42,$T$42,IF(V39<1,0,LOG(V39,10))))) | W49: =IF(W39="","",IF(W19<0,$T$42,IF(W39>10^$T$42,$T$42,IF(W39<1,0,LOG(W39,10))))) | X49: =IF(X39="","",IF(X19<0,$T$42,IF(X39>10^$T$42,$T$42,IF(X39<1,0,LOG(X39,10))))) | ... AB49: =IF(AB39="","",IF(AB19<0,$T$42,IF(AB39>10^$T$42,$T$42,IF(AB39<1,0,LOG(AB39,10))))) | AD49: =IF(AD39="","",IF(AD19<0,$AG$42,IF(AD39>10^$AG$42,$AG$42,IF(AD39<1,0,LOG(AD39,10))))) | AE49: =IF(AE39="","",IF(AE19<0,$AG$42,IF(AE39>10^$AG$42,$AG$42,IF(AE39<1,0,LOG(AE39,10))))) | AF49: =IF(AF39="","",IF(AF19<0,$AG$42,IF(AF39>10^$AG$42,$AG$42,IF(AF39<1,0,LOG(AF39,10))))) | AG49: =IF(AG39="","",IF(AG19<0,$AG$42,IF(AG39>10^$AG$42,$AG$42,IF(AG39<1,0,LOG(AG39,10))))) | AH49: =IF(AH39="","",IF(AH19<0,$AG$42,IF(AH39>10^$AG$42,$AG$42,IF(AH39<1,0,LOG(AH39,10))))) | AI49: =IF(AI39="","",IF(AI19<0,$AG$42,IF(AI39>10^$AG$42,$AG$42,IF(AI39<1,0,LOG(AI39,10))))) | AJ49: =IF(AJ39="","",IF(AJ19<0,$AG$42,IF(AJ39>10^$AG$42,$AG$42,IF(AJ39<1,0,LOG(AJ39,10))))) | AK49: =IF(AK39="","",IF(AK19<0,$AG$42,IF(AK39>10^$AG$42,$AG$42,IF(AK39<1,0,LOG(AK39,10))))) | ... AO49: =IF(AO39="","",IF(AO19<0,$AG$42,IF(AO39>10^$AG$42,$AG$42,IF(AO39<1,0,LOG(AO39,10)))))
D50: =IF(D40="","",IF(D20<0,$G$42,IF(D40>10^$G$42,$G$42,IF(D40<1,0,LOG(D40,10))))) | E50: =IF(E40="","",IF(E20<0,$G$42,IF(E40>10^$G$42,$G$42,IF(E40<1,0,LOG(E40,10))))) | F50: =IF(F40="","",IF(F20<0,$G$42,IF(F40>10^$G$42,$G$42,IF(F40<1,0,LOG(F40,10))))) | G50: =IF(G40="","",IF(G20<0,$G$42,IF(G40>10^$G$42,$G$42,IF(G40<1,0,LOG(G40,10))))) | H50: =IF(H40="","",IF(H20<0,$G$42,IF(H40>10^$G$42,$G$42,IF(H40<1,0,LOG(H40,10))))) | I50: =IF(I40="","",IF(I20<0,$G$42,IF(I40>10^$G$42,$G$42,IF(I40<1,0,LOG(I40,10))))) | J50: =IF(J40="","",IF(J20<0,$G$42,IF(J40>10^$G$42,$G$42,IF(J40<1,0,LOG(J40,10))))) | K50: =IF(K40="","",IF(K20<0,$G$42,IF(K40>10^$G$42,$G$42,IF(K40<1,0,LOG(K40,10))))) | ... O50: =IF(O40="","",IF(O20<0,$G$42,IF(O40>10^$G$42,$G$42,IF(O40<1,0,LOG(O40,10))))) | Q50: =IF(Q40="","",IF(Q20<0,$T$42,IF(Q40>10^$T$42,$T$42,IF(Q40<1,0,LOG(Q40,10))))) | R50: =IF(R40="","",IF(R20<0,$T$42,IF(R40>10^$T$42,$T$42,IF(R40<1,0,LOG(R40,10))))) | S50: =IF(S40="","",IF(S20<0,$T$42,IF(S40>10^$T$42,$T$42,IF(S40<1,0,LOG(S40,10))))) | T50: =IF(T40="","",IF(T20<0,$T$42,IF(T40>10^$T$42,$T$42,IF(T40<1,0,LOG(T40,10))))) | U50: =IF(U40="","",IF(U20<0,$T$42,IF(U40>10^$T$42,$T$42,IF(U40<1,0,LOG(U40,10))))) | V50: =IF(V40="","",IF(V20<0,$T$42,IF(V40>10^$T$42,$T$42,IF(V40<1,0,LOG(V40,10))))) | W50: =IF(W40="","",IF(W20<0,$T$42,IF(W40>10^$T$42,$T$42,IF(W40<1,0,LOG(W40,10))))) | X50: =IF(X40="","",IF(X20<0,$T$42,IF(X40>10^$T$42,$T$42,IF(X40<1,0,LOG(X40,10))))) | ... AB50: =IF(AB40="","",IF(AB20<0,$T$42,IF(AB40>10^$T$42,$T$42,IF(AB40<1,0,LOG(AB40,10))))) | AD50: =IF(AD40="","",IF(AD20<0,$AG$42,IF(AD40>10^$AG$42,$AG$42,IF(AD40<1,0,LOG(AD40,10))))) | AE50: =IF(AE40="","",IF(AE20<0,$AG$42,IF(AE40>10^$AG$42,$AG$42,IF(AE40<1,0,LOG(AE40,10))))) | AF50: =IF(AF40="","",IF(AF20<0,$AG$42,IF(AF40>10^$AG$42,$AG$42,IF(AF40<1,0,LOG(AF40,10))))) | AG50: =IF(AG40="","",IF(AG20<0,$AG$42,IF(AG40>10^$AG$42,$AG$42,IF(AG40<1,0,LOG(AG40,10))))) | AH50: =IF(AH40="","",IF(AH20<0,$AG$42,IF(AH40>10^$AG$42,$AG$42,IF(AH40<1,0,LOG(AH40,10))))) | AI50: =IF(AI40="","",IF(AI20<0,$AG$42,IF(AI40>10^$AG$42,$AG$42,IF(AI40<1,0,LOG(AI40,10))))) | AJ50: =IF(AJ40="","",IF(AJ20<0,$AG$42,IF(AJ40>10^$AG$42,$AG$42,IF(AJ40<1,0,LOG(AJ40,10))))) | AK50: =IF(AK40="","",IF(AK20<0,$AG$42,IF(AK40>10^$AG$42,$AG$42,IF(AK40<1,0,LOG(AK40,10))))) | ... AO50: =IF(AO40="","",IF(AO20<0,$AG$42,IF(AO40>10^$AG$42,$AG$42,IF(AO40<1,0,LOG(AO40,10)))))
Q52: log alpha 1 | AD52: log alpha 2
Q53: =IF(Q43="","",Q43-D43) | R53: =IF(R43="","",R43-E43) | S53: =IF(S43="","",S43-F43) | T53: =IF(T43="","",T43-G43) | U53: =IF(U43="","",U43-H43) | V53: =IF(V43="","",V43-I43) | W53: =IF(W43="","",W43-J43) | X53: =IF(X43="","",X43-K43) | ... AB53: =IF(AB43="","",AB43-O43) | AD53: =IF(AD43="","",AD43-D43) | AE53: =IF(AE43="","",AE43-E43) | AF53: =IF(AF43="","",AF43-F43) | AG53: =IF(AG43="","",AG43-G43) | AH53: =IF(AH43="","",AH43-H43) | AI53: =IF(AI43="","",AI43-I43) | AJ53: =IF(AJ43="","",AJ43-J43) | AK53: =IF(AK43="","",AK43-K43) | ... AO53: =IF(AO43="","",AO43-O43)
Q54: =IF(Q44="","",Q44-D44) | R54: =IF(R44="","",R44-E44) | S54: =IF(S44="","",S44-F44) | T54: =IF(T44="","",T44-G44) | U54: =IF(U44="","",U44-H44) | V54: =IF(V44="","",V44-I44) | W54: =IF(W44="","",W44-J44) | X54: =IF(X44="","",X44-K44) | ... AB54: =IF(AB44="","",AB44-O44) | AD54: =IF(AD44="","",AD44-D44) | AE54: =IF(AE44="","",AE44-E44) | AF54: =IF(AF44="","",AF44-F44) | AG54: =IF(AG44="","",AG44-G44) | AH54: =IF(AH44="","",AH44-H44) | AI54: =IF(AI44="","",AI44-I44) | AJ54: =IF(AJ44="","",AJ44-J44) | AK54: =IF(AK44="","",AK44-K44) | ... AO54: =IF(AO44="","",AO44-O44)
Q55: =IF(Q45="","",Q45-D45) | R55: =IF(R45="","",R45-E45) | S55: =IF(S45="","",S45-F45) | T55: =IF(T45="","",T45-G45) | U55: =IF(U45="","",U45-H45) | V55: =IF(V45="","",V45-I45) | W55: =IF(W45="","",W45-J45) | X55: =IF(X45="","",X45-K45) | ... AB55: =IF(AB45="","",AB45-O45) | AD55: =IF(AD45="","",AD45-D45) | AE55: =IF(AE45="","",AE45-E45) | AF55: =IF(AF45="","",AF45-F45) | AG55: =IF(AG45="","",AG45-G45) | AH55: =IF(AH45="","",AH45-H45) | AI55: =IF(AI45="","",AI45-I45) | AJ55: =IF(AJ45="","",AJ45-J45) | AK55: =IF(AK45="","",AK45-K45) | ... AO55: =IF(AO45="","",AO45-O45)
Q56: =IF(Q46="","",Q46-D46) | R56: =IF(R46="","",R46-E46) | S56: =IF(S46="","",S46-F46) | T56: =IF(T46="","",T46-G46) | U56: =IF(U46="","",U46-H46) | V56: =IF(V46="","",V46-I46) | W56: =IF(W46="","",W46-J46) | X56: =IF(X46="","",X46-K46) | ... AB56: =IF(AB46="","",AB46-O46) | AD56: =IF(AD46="","",AD46-D46) | AE56: =IF(AE46="","",AE46-E46) | AF56: =IF(AF46="","",AF46-F46) | AG56: =IF(AG46="","",AG46-G46) | AH56: =IF(AH46="","",AH46-H46) | AI56: =IF(AI46="","",AI46-I46) | AJ56: =IF(AJ46="","",AJ46-J46) | AK56: =IF(AK46="","",AK46-K46) | ... AO56: =IF(AO46="","",AO46-O46)
Q57: =IF(Q47="","",Q47-D47) | R57: =IF(R47="","",R47-E47) | S57: =IF(S47="","",S47-F47) | T57: =IF(T47="","",T47-G47) | U57: =IF(U47="","",U47-H47) | V57: =IF(V47="","",V47-I47) | W57: =IF(W47="","",W47-J47) | X57: =IF(X47="","",X47-K47) | ... AB57: =IF(AB47="","",AB47-O47) | AD57: =IF(AD47="","",AD47-D47) | AE57: =IF(AE47="","",AE47-E47) | AF57: =IF(AF47="","",AF47-F47) | AG57: =IF(AG47="","",AG47-G47) | AH57: =IF(AH47="","",AH47-H47) | AI57: =IF(AI47="","",AI47-I47) | AJ57: =IF(AJ47="","",AJ47-J47) | AK57: =IF(AK47="","",AK47-K47) | ... AO57: =IF(AO47="","",AO47-O47)
Q58: =IF(Q48="","",Q48-D48) | R58: =IF(R48="","",R48-E48) | S58: =IF(S48="","",S48-F48) | T58: =IF(T48="","",T48-G48) | U58: =IF(U48="","",U48-H48) | V58: =IF(V48="","",V48-I48) | W58: =IF(W48="","",W48-J48) | X58: =IF(X48="","",X48-K48) | ... AB58: =IF(AB48="","",AB48-O48) | AD58: =IF(AD48="","",AD48-D48) | AE58: =IF(AE48="","",AE48-E48) | AF58: =IF(AF48="","",AF48-F48) | AG58: =IF(AG48="","",AG48-G48) | AH58: =IF(AH48="","",AH48-H48) | AI58: =IF(AI48="","",AI48-I48) | AJ58: =IF(AJ48="","",AJ48-J48) | AK58: =IF(AK48="","",AK48-K48) | ... AO58: =IF(AO48="","",AO48-O48)
Q59: =IF(Q49="","",Q49-D49) | R59: =IF(R49="","",R49-E49) | S59: =IF(S49="","",S49-F49) | T59: =IF(T49="","",T49-G49) | U59: =IF(U49="","",U49-H49) | V59: =IF(V49="","",V49-I49) | W59: =IF(W49="","",W49-J49) | X59: =IF(X49="","",X49-K49) | ... AB59: =IF(AB49="","",AB49-O49) | AD59: =IF(AD49="","",AD49-D49) | AE59: =IF(AE49="","",AE49-E49) | AF59: =IF(AF49="","",AF49-F49) | AG59: =IF(AG49="","",AG49-G49) | AH59: =IF(AH49="","",AH49-H49) | AI59: =IF(AI49="","",AI49-I49) | AJ59: =IF(AJ49="","",AJ49-J49) | AK59: =IF(AK49="","",AK49-K49) | ... AO59: =IF(AO49="","",AO49-O49)
Q60: =IF(Q50="","",Q50-D50) | R60: =IF(R50="","",R50-E50) | S60: =IF(S50="","",S50-F50) | T60: =IF(T50="","",T50-G50) | U60: =IF(U50="","",U50-H50) | V60: =IF(V50="","",V50-I50) | W60: =IF(W50="","",W50-J50) | X60: =IF(X50="","",X50-K50) | ... AB60: =IF(AB50="","",AB50-O50) | AD60: =IF(AD50="","",AD50-D50) | AE60: =IF(AE50="","",AE50-E50) | AF60: =IF(AF50="","",AF50-F50) | AG60: =IF(AG50="","",AG50-G50) | AH60: =IF(AH50="","",AH50-H50) | AI60: =IF(AI50="","",AI50-I50) | AJ60: =IF(AJ50="","",AJ50-J50) | AK60: =IF(AK50="","",AK50-K50) | ... AO60: =IF(AO50="","",AO50-O50)
F62: 0 | G62: =G42 -> 2 | S62: 0 | T62: =T42 -> 2 | AF62: 0 | AG62: =AG42 -> 3
S63: =T42*-1 -> -2 | T63: =T42 -> 2 | AF63: =AG42*-1 -> -3 | AG63: =AG42 -> 3
